"","Collection.date","pango_lineage","n","freq","movavg","ShortLin"
"1",2023-06-01,"XBB.1.5",4,21.05,NA,"XBB.1"
"2",2023-08-10,"EG.5.1",5,20.83,10.36,"EG.5"
"3",2023-06-27,"XBB.1.9.1",4,19.05,10.27,"XBB.1"
"4",2023-06-12,"XBB.1.5",3,17.65,11.38,"XBB.1"
"5",2023-06-01,"XBB.1.9.1",3,15.79,NA,"XBB.1"
"6",2023-07-03,"XBB.1.16",2,14.29,9.29,"XBB.1"
"7",2023-07-07,"XBB.1.9.1",2,14.29,9.89,"XBB.1"
"8",2023-06-04,"XBB.1.5.30",2,13.33,8.16,"XBB.1"
"9",2023-06-14,"EG.5.1",2,13.33,8.91,"EG.5"
"10",2023-08-04,"EG.5.1",4,12.9,9.39,"EG.5"
"11",2023-06-13,"XBB.1.5",2,12.5,12.27,"XBB.1"
"12",2023-06-13,"XBB.1.5.59",2,12.5,8.35,"XBB.1"
"13",2023-06-25,"XBB.1.5.59",2,12.5,8.35,"XBB.1"
"14",2023-08-08,"FL.1",3,12.5,7.35,"FL.1"
"15",2023-08-08,"XBB.1.16",3,12.5,7.35,"XBB.1"
"16",2023-06-12,"XBB.1.5.1",2,11.76,7.34,"XBB.1"
"17",2023-07-28,"XBB.1.16.6",4,11.76,5.98,"XBB.1"
"18",2023-06-06,"XBB.1.5",3,11.54,8.75,"XBB.1"
"19",2023-07-29,"FL.1",4,11.43,5.87,"FL.1"
"20",2023-06-29,"XBB.1.5.10",2,11.11,7.52,"XBB.1"
"21",2023-06-30,"XBB.1.16",2,11.11,7.52,"XBB.1"
"22",2023-08-01,"EG.5.1",3,11.11,7.28,"EG.5"
"23",2023-08-03,"EG.5.1",3,11.11,9.11,"EG.5"
"24",2023-06-07,"XBB.1.5",3,10.71,8.81,"XBB.1"
"25",2023-07-13,"XBB.1.5.5",2,10.53,7.12,"XBB.1"
"26",2023-07-14,"XBB.1.16.1",2,10.53,7.12,"XBB.1"
"27",2023-07-22,"EG.5.1",2,10.53,7.22,"EG.5"
"28",2023-08-02,"FL.1",3,10,5.8,"FL.1"
"29",2023-08-09,"XBB.1.16.6",2,10,6.11,"XBB.1"
"30",2023-08-04,"FL.1",3,9.68,5.85,"FL.1"
"31",2023-06-27,"XBB.1.5.55",2,9.52,7.09,"XBB.1"
"32",2023-08-07,"EG.5",2,9.09,5.5,"EG.5"
"33",2023-08-07,"EG.5.1",2,9.09,7.04,"EG.5"
"34",2023-08-07,"XBB.1.9.2",2,9.09,6.27,"XBB.1"
"35",2023-07-24,"FL.1",3,8.82,5.9,"FL.1"
"36",2023-08-08,"EG.5.1",2,8.33,7.47,"EG.5"
"37",2023-08-10,"XBB.1.5",2,8.33,6.2,"XBB.1"
"38",2023-06-05,"XBB.1.5.1",2,8,NA,"XBB.1"
"39",2023-06-11,"XBB.1.16",2,8,6.02,"XBB.1"
"40",2023-07-04,"BQ.1.12",1,7.69,7.51,"BQ.1"
"41",2023-07-04,"EG.5",1,7.69,7.51,"EG.5"
"42",2023-07-04,"EG.5.1",1,7.69,7.51,"EG.5"
"43",2023-07-04,"FL.4",1,7.69,7.51,"FL.4"
"44",2023-07-04,"FY.3",1,7.69,7.51,"FY.3"
"45",2023-07-04,"XBB.1.16",1,7.69,9.89,"XBB.1"
"46",2023-07-04,"XBB.1.16.1",1,7.69,7.51,"XBB.1"
"47",2023-07-04,"XBB.1.5",1,7.69,7.51,"XBB.1"
"48",2023-07-04,"XBB.1.5.10",1,7.69,7.51,"XBB.1"
"49",2023-07-04,"XBB.1.5.59",1,7.69,7.51,"XBB.1"
"50",2023-07-04,"XBB.1.9.1",1,7.69,7.51,"XBB.1"
"51",2023-07-04,"XBB.1.9.2",1,7.69,7.51,"XBB.1"
"52",2023-07-04,"XBB.2.3",1,7.69,7.51,"XBB.2"
"53",2023-07-05,"BQ.1.12",1,7.69,7.69,"BQ.1"
"54",2023-07-05,"EG.5",1,7.69,7.69,"EG.5"
"55",2023-07-05,"EG.5.1",1,7.69,7.69,"EG.5"
"56",2023-07-05,"FL.4",1,7.69,7.69,"FL.4"
"57",2023-07-05,"FY.3",1,7.69,7.69,"FY.3"
"58",2023-07-05,"XBB.1.16",1,7.69,7.69,"XBB.1"
"59",2023-07-05,"XBB.1.16.1",1,7.69,7.69,"XBB.1"
"60",2023-07-05,"XBB.1.5",1,7.69,7.69,"XBB.1"
"61",2023-07-05,"XBB.1.5.10",1,7.69,7.69,"XBB.1"
"62",2023-07-05,"XBB.1.5.59",1,7.69,7.69,"XBB.1"
"63",2023-07-05,"XBB.1.9.1",1,7.69,7.69,"XBB.1"
"64",2023-07-05,"XBB.1.9.2",1,7.69,7.69,"XBB.1"
"65",2023-07-05,"XBB.2.3",1,7.69,7.69,"XBB.2"
"66",2023-07-06,"BQ.1.12",1,7.69,7.51,"BQ.1"
"67",2023-07-06,"EG.5",1,7.69,7.51,"EG.5"
"68",2023-07-06,"EG.5.1",1,7.69,7.51,"EG.5"
"69",2023-07-06,"FL.4",1,7.69,7.51,"FL.4"
"70",2023-07-06,"FY.3",1,7.69,7.51,"FY.3"
"71",2023-07-06,"XBB.1.16",1,7.69,7.51,"XBB.1"
"72",2023-07-06,"XBB.1.16.1",1,7.69,7.51,"XBB.1"
"73",2023-07-06,"XBB.1.5",1,7.69,7.51,"XBB.1"
"74",2023-07-06,"XBB.1.5.10",1,7.69,7.51,"XBB.1"
"75",2023-07-06,"XBB.1.5.59",1,7.69,7.51,"XBB.1"
"76",2023-07-06,"XBB.1.9.1",1,7.69,9.89,"XBB.1"
"77",2023-07-06,"XBB.1.9.2",1,7.69,7.51,"XBB.1"
"78",2023-07-06,"XBB.2.3",1,7.69,7.51,"XBB.2"
"79",2023-07-08,"BQ.1.12",1,7.69,7.51,"BQ.1"
"80",2023-07-08,"EG.5",1,7.69,7.51,"EG.5"
"81",2023-07-08,"EG.5.1",1,7.69,7.51,"EG.5"
"82",2023-07-08,"FL.4",1,7.69,7.51,"FL.4"
"83",2023-07-08,"FY.3",1,7.69,7.51,"FY.3"
"84",2023-07-08,"XBB.1.16",1,7.69,7.51,"XBB.1"
"85",2023-07-08,"XBB.1.16.1",1,7.69,7.51,"XBB.1"
"86",2023-07-08,"XBB.1.5",1,7.69,7.51,"XBB.1"
"87",2023-07-08,"XBB.1.5.10",1,7.69,7.51,"XBB.1"
"88",2023-07-08,"XBB.1.5.59",1,7.69,7.51,"XBB.1"
"89",2023-07-08,"XBB.1.9.1",1,7.69,9.89,"XBB.1"
"90",2023-07-08,"XBB.1.9.2",1,7.69,7.51,"XBB.1"
"91",2023-07-08,"XBB.2.3",1,7.69,7.51,"XBB.2"
"92",2023-07-09,"BQ.1.12",1,7.69,NA,"BQ.1"
"93",2023-07-09,"EG.5",1,7.69,6.11,"EG.5"
"94",2023-07-09,"EG.5.1",1,7.69,6.98,"EG.5"
"95",2023-07-09,"FL.4",1,7.69,NA,"FL.4"
"96",2023-07-09,"FY.3",1,7.69,6.11,"FY.3"
"97",2023-07-09,"XBB.1.16",1,7.69,6.98,"XBB.1"
"98",2023-07-09,"XBB.1.16.1",1,7.69,6.98,"XBB.1"
"99",2023-07-09,"XBB.1.5",1,7.69,6.98,"XBB.1"
"100",2023-07-09,"XBB.1.5.10",1,7.69,6.98,"XBB.1"
"101",2023-07-09,"XBB.1.5.59",1,7.69,6.98,"XBB.1"
"102",2023-07-09,"XBB.1.9.1",1,7.69,6.98,"XBB.1"
"103",2023-07-09,"XBB.1.9.2",1,7.69,6.98,"XBB.1"
"104",2023-07-09,"XBB.2.3",1,7.69,6.98,"XBB.2"
"105",2023-07-31,"EG.5.1",2,7.41,7.25,"EG.5"
"106",2023-07-31,"FU.1",2,7.41,4.78,"FU.1"
"107",2023-07-31,"XBB.2.3.3",2,7.41,4.78,"XBB.2"
"108",2023-08-01,"XBB.1.16",2,7.41,4.81,"XBB.1"
"109",2023-08-03,"XBB.2.3.3",2,7.41,4.66,"XBB.2"
"110",2023-08-06,"GE.1",2,7.41,NA,"GE.1"
"111",2023-08-06,"XBB.1.16",2,7.41,5.38,"XBB.1"
"112",2023-08-06,"XBB.1.5",2,7.41,5.38,"XBB.1"
"113",2023-06-02,"EG.1",1,7.14,6.51,"EG.1"
"114",2023-06-02,"EG.5",1,7.14,6.51,"EG.5"
"115",2023-06-02,"FL.1",1,7.14,6.51,"FL.1"
"116",2023-06-02,"FU.1",1,7.14,6.51,"FU.1"
"117",2023-06-02,"XBB.1.16",1,7.14,6.51,"XBB.1"
"118",2023-06-02,"XBB.1.16.1",1,7.14,6.51,"XBB.1"
"119",2023-06-02,"XBB.1.28",1,7.14,6.51,"XBB.1"
"120",2023-06-02,"XBB.1.5",1,7.14,11.78,"XBB.1"
"121",2023-06-02,"XBB.1.5.10",1,7.14,6.51,"XBB.1"
"122",2023-06-02,"XBB.1.5.16",1,7.14,6.51,"XBB.1"
"123",2023-06-02,"XBB.1.5.30",1,7.14,6.51,"XBB.1"
"124",2023-06-02,"XBB.1.9.1",1,7.14,10.02,"XBB.1"
"125",2023-06-02,"XBB.1.9.2",1,7.14,6.51,"XBB.1"
"126",2023-06-02,"XBB.2.3.2",1,7.14,6.51,"XBB.2"
"127",2023-06-03,"EG.1",1,7.14,6.98,"EG.1"
"128",2023-06-03,"EG.5",1,7.14,6.98,"EG.5"
"129",2023-06-03,"FL.1",1,7.14,6.98,"FL.1"
"130",2023-06-03,"FU.1",1,7.14,6.98,"FU.1"
"131",2023-06-03,"XBB.1.16",1,7.14,6.98,"XBB.1"
"132",2023-06-03,"XBB.1.16.1",1,7.14,6.98,"XBB.1"
"133",2023-06-03,"XBB.1.28",1,7.14,6.98,"XBB.1"
"134",2023-06-03,"XBB.1.5",1,7.14,6.98,"XBB.1"
"135",2023-06-03,"XBB.1.5.10",1,7.14,6.98,"XBB.1"
"136",2023-06-03,"XBB.1.5.16",1,7.14,6.98,"XBB.1"
"137",2023-06-03,"XBB.1.5.30",1,7.14,9.2,"XBB.1"
"138",2023-06-03,"XBB.1.9.1",1,7.14,6.98,"XBB.1"
"139",2023-06-03,"XBB.1.9.2",1,7.14,6.98,"XBB.1"
"140",2023-06-03,"XBB.2.3.2",1,7.14,6.98,"XBB.2"
"141",2023-06-07,"EG.5.1",2,7.14,5.05,"EG.5"
"142",2023-06-07,"XBB.1.9.1",2,7.14,5.05,"XBB.1"
"143",2023-06-09,"DV.1",2,7.14,5.16,"DV.1"
"144",2023-06-09,"XBB.1.16",2,7.14,5.16,"XBB.1"
"145",2023-06-09,"XBB.1.5",2,7.14,5.16,"XBB.1"
"146",2023-06-09,"XBB.1.5.59",2,7.14,5.16,"XBB.1"
"147",2023-06-15,"DV.1",1,7.14,6.98,"DV.1"
"148",2023-06-15,"EG.5.1",1,7.14,9.2,"EG.5"
"149",2023-06-15,"FL.1",1,7.14,6.98,"FL.1"
"150",2023-06-15,"XBB.1.4",1,7.14,6.98,"XBB.1"
"151",2023-06-15,"XBB.1.5",1,7.14,6.98,"XBB.1"
"152",2023-06-15,"XBB.1.5.1",1,7.14,6.98,"XBB.1"
"153",2023-06-15,"XBB.1.5.10",1,7.14,6.98,"XBB.1"
"154",2023-06-15,"XBB.1.5.11",1,7.14,6.98,"XBB.1"
"155",2023-06-15,"XBB.1.5.52",1,7.14,6.98,"XBB.1"
"156",2023-06-15,"XBB.1.5.59",1,7.14,6.98,"XBB.1"
"157",2023-06-15,"XBB.1.9.1",1,7.14,6.98,"XBB.1"
"158",2023-06-15,"XBB.2.3",1,7.14,6.98,"XBB.2"
"159",2023-06-15,"XBB.2.3.10",1,7.14,6.98,"XBB.2"
"160",2023-06-15,"XBB.2.3.2",1,7.14,6.98,"XBB.2"
"161",2023-06-16,"DV.1",1,7.14,7.14,"DV.1"
"162",2023-06-16,"EG.5.1",1,7.14,7.14,"EG.5"
"163",2023-06-16,"FL.1",1,7.14,7.14,"FL.1"
"164",2023-06-16,"XBB.1.4",1,7.14,7.14,"XBB.1"
"165",2023-06-16,"XBB.1.5",1,7.14,7.14,"XBB.1"
"166",2023-06-16,"XBB.1.5.1",1,7.14,7.14,"XBB.1"
"167",2023-06-16,"XBB.1.5.10",1,7.14,7.14,"XBB.1"
"168",2023-06-16,"XBB.1.5.11",1,7.14,7.14,"XBB.1"
"169",2023-06-16,"XBB.1.5.52",1,7.14,7.14,"XBB.1"
"170",2023-06-16,"XBB.1.5.59",1,7.14,7.14,"XBB.1"
"171",2023-06-16,"XBB.1.9.1",1,7.14,7.14,"XBB.1"
"172",2023-06-16,"XBB.2.3",1,7.14,7.14,"XBB.2"
"173",2023-06-16,"XBB.2.3.10",1,7.14,7.14,"XBB.2"
"174",2023-06-16,"XBB.2.3.2",1,7.14,7.14,"XBB.2"
"175",2023-06-17,"DV.1",1,7.14,7.14,"DV.1"
"176",2023-06-17,"EG.5.1",1,7.14,7.14,"EG.5"
"177",2023-06-17,"FL.1",1,7.14,7.14,"FL.1"
"178",2023-06-17,"XBB.1.4",1,7.14,7.14,"XBB.1"
"179",2023-06-17,"XBB.1.5",1,7.14,7.14,"XBB.1"
"180",2023-06-17,"XBB.1.5.1",1,7.14,7.14,"XBB.1"
"181",2023-06-17,"XBB.1.5.10",1,7.14,7.14,"XBB.1"
"182",2023-06-17,"XBB.1.5.11",1,7.14,7.14,"XBB.1"
"183",2023-06-17,"XBB.1.5.52",1,7.14,7.14,"XBB.1"
"184",2023-06-17,"XBB.1.5.59",1,7.14,7.14,"XBB.1"
"185",2023-06-17,"XBB.1.9.1",1,7.14,7.14,"XBB.1"
"186",2023-06-17,"XBB.2.3",1,7.14,7.14,"XBB.2"
"187",2023-06-17,"XBB.2.3.10",1,7.14,7.14,"XBB.2"
"188",2023-06-17,"XBB.2.3.2",1,7.14,7.14,"XBB.2"
"189",2023-06-18,"DV.1",1,7.14,NA,"DV.1"
"190",2023-06-18,"EG.5.1",1,7.14,6.98,"EG.5"
"191",2023-06-18,"FL.1",1,7.14,6.61,"FL.1"
"192",2023-06-18,"XBB.1.4",1,7.14,NA,"XBB.1"
"193",2023-06-18,"XBB.1.5",1,7.14,6.98,"XBB.1"
"194",2023-06-18,"XBB.1.5.1",1,7.14,6.98,"XBB.1"
"195",2023-06-18,"XBB.1.5.10",1,7.14,6.98,"XBB.1"
"196",2023-06-18,"XBB.1.5.11",1,7.14,NA,"XBB.1"
"197",2023-06-18,"XBB.1.5.52",1,7.14,NA,"XBB.1"
"198",2023-06-18,"XBB.1.5.59",1,7.14,6.98,"XBB.1"
"199",2023-06-18,"XBB.1.9.1",1,7.14,6.98,"XBB.1"
"200",2023-06-18,"XBB.2.3",1,7.14,6.98,"XBB.2"
"201",2023-06-18,"XBB.2.3.10",1,7.14,NA,"XBB.2"
"202",2023-06-18,"XBB.2.3.2",1,7.14,6.72,"XBB.2"
"203",2023-07-03,"BQ.1.12",1,7.14,NA,"BQ.1"
"204",2023-07-03,"EG.5",1,7.14,6.28,"EG.5"
"205",2023-07-03,"EG.5.1",1,7.14,6.9,"EG.5"
"206",2023-07-03,"FL.4",1,7.14,6.9,"FL.4"
"207",2023-07-03,"FY.3",1,7.14,6.28,"FY.3"
"208",2023-07-03,"XBB.1.16.1",1,7.14,6.9,"XBB.1"
"209",2023-07-03,"XBB.1.5",1,7.14,6.9,"XBB.1"
"210",2023-07-03,"XBB.1.5.10",1,7.14,6.9,"XBB.1"
"211",2023-07-03,"XBB.1.5.59",1,7.14,6.9,"XBB.1"
"212",2023-07-03,"XBB.1.9.1",1,7.14,6.9,"XBB.1"
"213",2023-07-03,"XBB.1.9.2",1,7.14,6.9,"XBB.1"
"214",2023-07-03,"XBB.2.3",1,7.14,6.9,"XBB.2"
"215",2023-07-07,"BQ.1.12",1,7.14,7.51,"BQ.1"
"216",2023-07-07,"EG.5",1,7.14,7.51,"EG.5"
"217",2023-07-07,"EG.5.1",1,7.14,7.51,"EG.5"
"218",2023-07-07,"FL.4",1,7.14,7.51,"FL.4"
"219",2023-07-07,"FY.3",1,7.14,7.51,"FY.3"
"220",2023-07-07,"XBB.1.16",1,7.14,7.51,"XBB.1"
"221",2023-07-07,"XBB.1.16.1",1,7.14,7.51,"XBB.1"
"222",2023-07-07,"XBB.1.5",1,7.14,7.51,"XBB.1"
"223",2023-07-07,"XBB.1.5.10",1,7.14,7.51,"XBB.1"
"224",2023-07-07,"XBB.1.5.59",1,7.14,7.51,"XBB.1"
"225",2023-07-07,"XBB.1.9.2",1,7.14,7.51,"XBB.1"
"226",2023-07-07,"XBB.2.3",1,7.14,7.51,"XBB.2"
"227",2023-06-04,"EG.1",1,6.67,5.94,"EG.1"
"228",2023-06-04,"EG.5",1,6.67,5.94,"EG.5"
"229",2023-06-04,"FL.1",1,6.67,5.94,"FL.1"
"230",2023-06-04,"FU.1",1,6.67,6.56,"FU.1"
"231",2023-06-04,"XBB.1.16",1,6.67,5.94,"XBB.1"
"232",2023-06-04,"XBB.1.16.1",1,6.67,5.94,"XBB.1"
"233",2023-06-04,"XBB.1.28",1,6.67,NA,"XBB.1"
"234",2023-06-04,"XBB.1.5",1,6.67,5.94,"XBB.1"
"235",2023-06-04,"XBB.1.5.10",1,6.67,6.56,"XBB.1"
"236",2023-06-04,"XBB.1.5.16",1,6.67,NA,"XBB.1"
"237",2023-06-04,"XBB.1.9.1",1,6.67,5.94,"XBB.1"
"238",2023-06-04,"XBB.1.9.2",1,6.67,5.94,"XBB.1"
"239",2023-06-04,"XBB.2.3.2",1,6.67,6.56,"XBB.2"
"240",2023-06-14,"DV.1",1,6.67,6.69,"DV.1"
"241",2023-06-14,"FL.1",1,6.67,6.69,"FL.1"
"242",2023-06-14,"XBB.1.4",1,6.67,6.69,"XBB.1"
"243",2023-06-14,"XBB.1.5",1,6.67,8.77,"XBB.1"
"244",2023-06-14,"XBB.1.5.1",1,6.67,6.69,"XBB.1"
"245",2023-06-14,"XBB.1.5.10",1,6.67,6.69,"XBB.1"
"246",2023-06-14,"XBB.1.5.11",1,6.67,6.69,"XBB.1"
"247",2023-06-14,"XBB.1.5.52",1,6.67,6.69,"XBB.1"
"248",2023-06-14,"XBB.1.5.59",1,6.67,8.77,"XBB.1"
"249",2023-06-14,"XBB.1.9.1",1,6.67,6.69,"XBB.1"
"250",2023-06-14,"XBB.2.3",1,6.67,6.69,"XBB.2"
"251",2023-06-14,"XBB.2.3.10",1,6.67,6.69,"XBB.2"
"252",2023-06-14,"XBB.2.3.2",1,6.67,6.69,"XBB.2"
"253",2023-06-19,"EG.5.1",1,6.67,6.83,"EG.5"
"254",2023-06-19,"FL.3.2",1,6.67,NA,"FL.3"
"255",2023-06-19,"FL.9",1,6.67,NA,"FL.9"
"256",2023-06-19,"FU.2",1,6.67,NA,"FU.2"
"257",2023-06-19,"GB.1",1,6.67,NA,"GB.1"
"258",2023-06-19,"XBB.1.22.1",1,6.67,NA,"XBB.1"
"259",2023-06-19,"XBB.1.5",1,6.67,6.83,"XBB.1"
"260",2023-06-19,"XBB.1.5.1",1,6.67,6.83,"XBB.1"
"261",2023-06-19,"XBB.1.5.10",1,6.67,6.83,"XBB.1"
"262",2023-06-19,"XBB.1.5.15",1,6.67,5.78,"XBB.1"
"263",2023-06-19,"XBB.1.5.49",1,6.67,NA,"XBB.1"
"264",2023-06-19,"XBB.1.5.59",1,6.67,6.83,"XBB.1"
"265",2023-06-19,"XBB.1.5.66",1,6.67,NA,"XBB.1"
"266",2023-06-19,"XBB.1.9.1",1,6.67,6.83,"XBB.1"
"267",2023-06-19,"XBB.2.3",1,6.67,6.83,"XBB.2"
"268",2023-06-20,"EG.5.1",1,6.67,6.67,"EG.5"
"269",2023-06-20,"FL.3.2",1,6.67,6.67,"FL.3"
"270",2023-06-20,"FL.9",1,6.67,6.67,"FL.9"
"271",2023-06-20,"FU.2",1,6.67,6.67,"FU.2"
"272",2023-06-20,"GB.1",1,6.67,6.67,"GB.1"
"273",2023-06-20,"XBB.1.22.1",1,6.67,6.67,"XBB.1"
"274",2023-06-20,"XBB.1.5",1,6.67,6.67,"XBB.1"
"275",2023-06-20,"XBB.1.5.1",1,6.67,6.67,"XBB.1"
"276",2023-06-20,"XBB.1.5.10",1,6.67,6.67,"XBB.1"
"277",2023-06-20,"XBB.1.5.15",1,6.67,6.67,"XBB.1"
"278",2023-06-20,"XBB.1.5.49",1,6.67,6.67,"XBB.1"
"279",2023-06-20,"XBB.1.5.59",1,6.67,6.67,"XBB.1"
"280",2023-06-20,"XBB.1.5.66",1,6.67,6.67,"XBB.1"
"281",2023-06-20,"XBB.1.9.1",1,6.67,6.67,"XBB.1"
"282",2023-06-20,"XBB.2.3",1,6.67,6.67,"XBB.2"
"283",2023-06-21,"EG.5.1",1,6.67,6.67,"EG.5"
"284",2023-06-21,"FL.3.2",1,6.67,6.67,"FL.3"
"285",2023-06-21,"FL.9",1,6.67,6.67,"FL.9"
"286",2023-06-21,"FU.2",1,6.67,6.67,"FU.2"
"287",2023-06-21,"GB.1",1,6.67,6.67,"GB.1"
"288",2023-06-21,"XBB.1.22.1",1,6.67,6.67,"XBB.1"
"289",2023-06-21,"XBB.1.5",1,6.67,6.67,"XBB.1"
"290",2023-06-21,"XBB.1.5.1",1,6.67,6.67,"XBB.1"
"291",2023-06-21,"XBB.1.5.10",1,6.67,6.67,"XBB.1"
"292",2023-06-21,"XBB.1.5.15",1,6.67,6.67,"XBB.1"
"293",2023-06-21,"XBB.1.5.49",1,6.67,6.67,"XBB.1"
"294",2023-06-21,"XBB.1.5.59",1,6.67,6.67,"XBB.1"
"295",2023-06-21,"XBB.1.5.66",1,6.67,6.67,"XBB.1"
"296",2023-06-21,"XBB.1.9.1",1,6.67,6.67,"XBB.1"
"297",2023-06-21,"XBB.2.3",1,6.67,6.67,"XBB.2"
"298",2023-06-22,"EG.5.1",1,6.67,6.67,"EG.5"
"299",2023-06-22,"FL.3.2",1,6.67,6.67,"FL.3"
"300",2023-06-22,"FL.9",1,6.67,6.67,"FL.9"
"301",2023-06-22,"FU.2",1,6.67,6.67,"FU.2"
"302",2023-06-22,"GB.1",1,6.67,6.67,"GB.1"
"303",2023-06-22,"XBB.1.22.1",1,6.67,6.67,"XBB.1"
"304",2023-06-22,"XBB.1.5",1,6.67,6.67,"XBB.1"
"305",2023-06-22,"XBB.1.5.1",1,6.67,6.67,"XBB.1"
"306",2023-06-22,"XBB.1.5.10",1,6.67,6.67,"XBB.1"
"307",2023-06-22,"XBB.1.5.15",1,6.67,6.67,"XBB.1"
"308",2023-06-22,"XBB.1.5.49",1,6.67,6.67,"XBB.1"
"309",2023-06-22,"XBB.1.5.59",1,6.67,6.67,"XBB.1"
"310",2023-06-22,"XBB.1.5.66",1,6.67,6.67,"XBB.1"
"311",2023-06-22,"XBB.1.9.1",1,6.67,6.67,"XBB.1"
"312",2023-06-22,"XBB.2.3",1,6.67,6.67,"XBB.2"
"313",2023-06-23,"EG.5.1",1,6.67,6.67,"EG.5"
"314",2023-06-23,"FL.3.2",1,6.67,6.67,"FL.3"
"315",2023-06-23,"FL.9",1,6.67,6.67,"FL.9"
"316",2023-06-23,"FU.2",1,6.67,6.67,"FU.2"
"317",2023-06-23,"GB.1",1,6.67,6.67,"GB.1"
"318",2023-06-23,"XBB.1.22.1",1,6.67,6.67,"XBB.1"
"319",2023-06-23,"XBB.1.5",1,6.67,6.67,"XBB.1"
"320",2023-06-23,"XBB.1.5.1",1,6.67,6.67,"XBB.1"
"321",2023-06-23,"XBB.1.5.10",1,6.67,6.67,"XBB.1"
"322",2023-06-23,"XBB.1.5.15",1,6.67,6.67,"XBB.1"
"323",2023-06-23,"XBB.1.5.49",1,6.67,6.67,"XBB.1"
"324",2023-06-23,"XBB.1.5.59",1,6.67,6.67,"XBB.1"
"325",2023-06-23,"XBB.1.5.66",1,6.67,6.67,"XBB.1"
"326",2023-06-23,"XBB.1.9.1",1,6.67,6.67,"XBB.1"
"327",2023-06-23,"XBB.2.3",1,6.67,6.67,"XBB.2"
"328",2023-06-24,"EG.5.1",1,6.67,6.53,"EG.5"
"329",2023-06-24,"FL.3.2",1,6.67,6.53,"FL.3"
"330",2023-06-24,"FL.9",1,6.67,6.53,"FL.9"
"331",2023-06-24,"FU.2",1,6.67,6.53,"FU.2"
"332",2023-06-24,"GB.1",1,6.67,6.53,"GB.1"
"333",2023-06-24,"XBB.1.22.1",1,6.67,6.53,"XBB.1"
"334",2023-06-24,"XBB.1.5",1,6.67,6.53,"XBB.1"
"335",2023-06-24,"XBB.1.5.1",1,6.67,6.53,"XBB.1"
"336",2023-06-24,"XBB.1.5.10",1,6.67,6.53,"XBB.1"
"337",2023-06-24,"XBB.1.5.15",1,6.67,6.53,"XBB.1"
"338",2023-06-24,"XBB.1.5.49",1,6.67,6.53,"XBB.1"
"339",2023-06-24,"XBB.1.5.59",1,6.67,8.61,"XBB.1"
"340",2023-06-24,"XBB.1.5.66",1,6.67,6.53,"XBB.1"
"341",2023-06-24,"XBB.1.9.1",1,6.67,6.53,"XBB.1"
"342",2023-06-24,"XBB.2.3",1,6.67,6.53,"XBB.2"
"343",2023-08-02,"FL.2",2,6.67,4.69,"FL.2"
"344",2023-08-02,"XBB.1.16.6",2,6.67,4.69,"XBB.1"
"345",2023-08-02,"XBB.1.5",2,6.67,4.69,"XBB.1"
"346",2023-08-02,"XBB.1.9.1",2,6.67,4.69,"XBB.1"
"347",2023-07-30,"FL.2",2,6.45,4.34,"FL.2"
"348",2023-08-04,"FY.3",2,6.45,4.77,"FY.3"
"349",2023-08-04,"XBB.1.5",2,6.45,4.77,"XBB.1"
"350",2023-06-13,"DV.1",1,6.25,6.27,"DV.1"
"351",2023-06-13,"EG.5.1",1,6.25,8.49,"EG.5"
"352",2023-06-13,"FL.1",1,6.25,6.27,"FL.1"
"353",2023-06-13,"XBB.1.4",1,6.25,6.27,"XBB.1"
"354",2023-06-13,"XBB.1.5.1",1,6.25,8.23,"XBB.1"
"355",2023-06-13,"XBB.1.5.10",1,6.25,6.27,"XBB.1"
"356",2023-06-13,"XBB.1.5.11",1,6.25,6.27,"XBB.1"
"357",2023-06-13,"XBB.1.5.52",1,6.25,6.27,"XBB.1"
"358",2023-06-13,"XBB.1.9.1",1,6.25,6.27,"XBB.1"
"359",2023-06-13,"XBB.2.3",1,6.25,6.27,"XBB.2"
"360",2023-06-13,"XBB.2.3.10",1,6.25,6.27,"XBB.2"
"361",2023-06-13,"XBB.2.3.2",1,6.25,6.27,"XBB.2"
"362",2023-06-25,"EG.5.1",1,6.25,6.27,"EG.5"
"363",2023-06-25,"FL.3.2",1,6.25,NA,"FL.3"
"364",2023-06-25,"FL.9",1,6.25,NA,"FL.9"
"365",2023-06-25,"FU.2",1,6.25,5.29,"FU.2"
"366",2023-06-25,"GB.1",1,6.25,6.27,"GB.1"
"367",2023-06-25,"XBB.1.22.1",1,6.25,6.27,"XBB.1"
"368",2023-06-25,"XBB.1.5",1,6.25,6.27,"XBB.1"
"369",2023-06-25,"XBB.1.5.1",1,6.25,NA,"XBB.1"
"370",2023-06-25,"XBB.1.5.10",1,6.25,6.27,"XBB.1"
"371",2023-06-25,"XBB.1.5.15",1,6.25,NA,"XBB.1"
"372",2023-06-25,"XBB.1.5.49",1,6.25,NA,"XBB.1"
"373",2023-06-25,"XBB.1.5.66",1,6.25,NA,"XBB.1"
"374",2023-06-25,"XBB.1.9.1",1,6.25,6.27,"XBB.1"
"375",2023-06-25,"XBB.2.3",1,6.25,6.27,"XBB.2"
"376",2023-07-26,"EG.5.1",2,6.06,4.24,"EG.5"
"377",2023-07-26,"FL.1",2,6.06,4.24,"FL.1"
"378",2023-07-26,"XBB.1.22.1",2,6.06,4.24,"XBB.1"
"379",2023-06-12,"DV.1",1,5.88,5.38,"DV.1"
"380",2023-06-12,"EG.5.1",1,5.88,5.38,"EG.5"
"381",2023-06-12,"FL.1",1,5.88,5.38,"FL.1"
"382",2023-06-12,"XBB.1.4",1,5.88,5.38,"XBB.1"
"383",2023-06-12,"XBB.1.5.10",1,5.88,6.27,"XBB.1"
"384",2023-06-12,"XBB.1.5.11",1,5.88,NA,"XBB.1"
"385",2023-06-12,"XBB.1.5.52",1,5.88,NA,"XBB.1"
"386",2023-06-12,"XBB.1.5.59",1,5.88,7.46,"XBB.1"
"387",2023-06-12,"XBB.1.9.1",1,5.88,5.38,"XBB.1"
"388",2023-06-12,"XBB.2.3",1,5.88,NA,"XBB.2"
"389",2023-06-12,"XBB.2.3.10",1,5.88,5.38,"XBB.2"
"390",2023-06-12,"XBB.2.3.2",1,5.88,6.27,"XBB.2"
"391",2023-06-26,"EG.5.1",1,5.88,5.63,"EG.5"
"392",2023-06-26,"FL.4",1,5.88,NA,"FL.4"
"393",2023-06-26,"FU.1",1,5.88,5.77,"FU.1"
"394",2023-06-26,"GB.1",1,5.88,5.63,"GB.1"
"395",2023-06-26,"XBB.1.16",1,5.88,6.21,"XBB.1"
"396",2023-06-26,"XBB.1.16.1",1,5.88,4.88,"XBB.1"
"397",2023-06-26,"XBB.1.16.6",1,5.88,NA,"XBB.1"
"398",2023-06-26,"XBB.1.22.1",1,5.88,5.63,"XBB.1"
"399",2023-06-26,"XBB.1.5",1,5.88,5.63,"XBB.1"
"400",2023-06-26,"XBB.1.5.10",1,5.88,5.63,"XBB.1"
"401",2023-06-26,"XBB.1.5.55",1,5.88,NA,"XBB.1"
"402",2023-06-26,"XBB.1.5.59",1,5.88,7.71,"XBB.1"
"403",2023-06-26,"XBB.1.9.1",1,5.88,10.39,"XBB.1"
"404",2023-06-26,"XBB.1.9.2",1,5.88,4.88,"XBB.1"
"405",2023-06-26,"XBB.2.3",1,5.88,5.63,"XBB.2"
"406",2023-06-26,"XBB.2.3.2",1,5.88,5.93,"XBB.2"
"407",2023-06-26,"XBB.2.3.4",1,5.88,NA,"XBB.2"
"408",2023-06-28,"EG.5.1",1,5.88,5.4,"EG.5"
"409",2023-06-28,"FL.4",1,5.88,5.4,"FL.4"
"410",2023-06-28,"FU.1",1,5.88,5.4,"FU.1"
"411",2023-06-28,"GB.1",1,5.88,5.4,"GB.1"
"412",2023-06-28,"XBB.1.16",1,5.88,5.4,"XBB.1"
"413",2023-06-28,"XBB.1.16.1",1,5.88,5.4,"XBB.1"
"414",2023-06-28,"XBB.1.16.6",1,5.88,5.4,"XBB.1"
"415",2023-06-28,"XBB.1.22.1",1,5.88,5.4,"XBB.1"
"416",2023-06-28,"XBB.1.5",1,5.88,5.4,"XBB.1"
"417",2023-06-28,"XBB.1.5.10",1,5.88,7.25,"XBB.1"
"418",2023-06-28,"XBB.1.5.55",1,5.88,6.99,"XBB.1"
"419",2023-06-28,"XBB.1.5.59",1,5.88,5.4,"XBB.1"
"420",2023-06-28,"XBB.1.9.1",1,5.88,10.16,"XBB.1"
"421",2023-06-28,"XBB.1.9.2",1,5.88,5.4,"XBB.1"
"422",2023-06-28,"XBB.2.3",1,5.88,5.4,"XBB.2"
"423",2023-06-28,"XBB.2.3.2",1,5.88,5.4,"XBB.2"
"424",2023-06-28,"XBB.2.3.4",1,5.88,5.4,"XBB.2"
"425",2023-07-01,"EG.5.1",1,5.88,5.77,"EG.5"
"426",2023-07-01,"FL.4",1,5.88,5.77,"FL.4"
"427",2023-07-01,"FU.1",1,5.88,5.77,"FU.1"
"428",2023-07-01,"GB.1",1,5.88,5.77,"GB.1"
"429",2023-07-01,"XBB.1.16",1,5.88,7.62,"XBB.1"
"430",2023-07-01,"XBB.1.16.1",1,5.88,5.77,"XBB.1"
"431",2023-07-01,"XBB.1.16.6",1,5.88,5.77,"XBB.1"
"432",2023-07-01,"XBB.1.22.1",1,5.88,5.77,"XBB.1"
"433",2023-07-01,"XBB.1.5",1,5.88,5.77,"XBB.1"
"434",2023-07-01,"XBB.1.5.10",1,5.88,5.77,"XBB.1"
"435",2023-07-01,"XBB.1.5.55",1,5.88,5.77,"XBB.1"
"436",2023-07-01,"XBB.1.5.59",1,5.88,5.77,"XBB.1"
"437",2023-07-01,"XBB.1.9.1",1,5.88,5.77,"XBB.1"
"438",2023-07-01,"XBB.1.9.2",1,5.88,5.77,"XBB.1"
"439",2023-07-01,"XBB.2.3",1,5.88,5.77,"XBB.2"
"440",2023-07-01,"XBB.2.3.2",1,5.88,5.77,"XBB.2"
"441",2023-07-01,"XBB.2.3.4",1,5.88,5.77,"XBB.2"
"442",2023-07-02,"EG.5.1",1,5.88,6.3,"EG.5"
"443",2023-07-02,"FL.4",1,5.88,6.3,"FL.4"
"444",2023-07-02,"FU.1",1,5.88,5.77,"FU.1"
"445",2023-07-02,"GB.1",1,5.88,NA,"GB.1"
"446",2023-07-02,"XBB.1.16",1,5.88,8.68,"XBB.1"
"447",2023-07-02,"XBB.1.16.1",1,5.88,6.3,"XBB.1"
"448",2023-07-02,"XBB.1.16.6",1,5.88,5.77,"XBB.1"
"449",2023-07-02,"XBB.1.22.1",1,5.88,4.9,"XBB.1"
"450",2023-07-02,"XBB.1.5",1,5.88,6.3,"XBB.1"
"451",2023-07-02,"XBB.1.5.10",1,5.88,6.3,"XBB.1"
"452",2023-07-02,"XBB.1.5.55",1,5.88,5.77,"XBB.1"
"453",2023-07-02,"XBB.1.5.59",1,5.88,6.3,"XBB.1"
"454",2023-07-02,"XBB.1.9.1",1,5.88,6.3,"XBB.1"
"455",2023-07-02,"XBB.1.9.2",1,5.88,6.3,"XBB.1"
"456",2023-07-02,"XBB.2.3",1,5.88,6.3,"XBB.2"
"457",2023-07-02,"XBB.2.3.2",1,5.88,NA,"XBB.2"
"458",2023-07-02,"XBB.2.3.4",1,5.88,NA,"XBB.2"
"459",2023-07-24,"FE.1.1",2,5.88,4.92,"FE.1"
"460",2023-07-24,"XBB.1.16",2,5.88,4.92,"XBB.1"
"461",2023-07-28,"XBB.1.16",2,5.88,4.02,"XBB.1"
"462",2023-07-29,"FY.3",2,5.71,3.96,"FY.3"
"463",2023-07-29,"XBB.1.5",2,5.71,3.96,"XBB.1"
"464",2023-06-29,"EG.5.1",1,5.56,5.67,"EG.5"
"465",2023-06-29,"FL.4",1,5.56,5.67,"FL.4"
"466",2023-06-29,"FU.1",1,5.56,5.67,"FU.1"
"467",2023-06-29,"GB.1",1,5.56,5.67,"GB.1"
"468",2023-06-29,"XBB.1.16",1,5.56,7.52,"XBB.1"
"469",2023-06-29,"XBB.1.16.1",1,5.56,5.67,"XBB.1"
"470",2023-06-29,"XBB.1.16.6",1,5.56,5.67,"XBB.1"
"471",2023-06-29,"XBB.1.22.1",1,5.56,5.67,"XBB.1"
"472",2023-06-29,"XBB.1.5",1,5.56,5.67,"XBB.1"
"473",2023-06-29,"XBB.1.5.55",1,5.56,5.67,"XBB.1"
"474",2023-06-29,"XBB.1.5.59",1,5.56,5.67,"XBB.1"
"475",2023-06-29,"XBB.1.9.1",1,5.56,5.67,"XBB.1"
"476",2023-06-29,"XBB.1.9.2",1,5.56,5.67,"XBB.1"
"477",2023-06-29,"XBB.2.3",1,5.56,5.67,"XBB.2"
"478",2023-06-29,"XBB.2.3.2",1,5.56,5.67,"XBB.2"
"479",2023-06-29,"XBB.2.3.4",1,5.56,5.67,"XBB.2"
"480",2023-06-30,"EG.5.1",1,5.56,5.67,"EG.5"
"481",2023-06-30,"FL.4",1,5.56,5.67,"FL.4"
"482",2023-06-30,"FU.1",1,5.56,5.67,"FU.1"
"483",2023-06-30,"GB.1",1,5.56,5.67,"GB.1"
"484",2023-06-30,"XBB.1.16.1",1,5.56,5.67,"XBB.1"
"485",2023-06-30,"XBB.1.16.6",1,5.56,5.67,"XBB.1"
"486",2023-06-30,"XBB.1.22.1",1,5.56,5.67,"XBB.1"
"487",2023-06-30,"XBB.1.5",1,5.56,5.67,"XBB.1"
"488",2023-06-30,"XBB.1.5.10",1,5.56,7.52,"XBB.1"
"489",2023-06-30,"XBB.1.5.55",1,5.56,5.67,"XBB.1"
"490",2023-06-30,"XBB.1.5.59",1,5.56,5.67,"XBB.1"
"491",2023-06-30,"XBB.1.9.1",1,5.56,5.67,"XBB.1"
"492",2023-06-30,"XBB.1.9.2",1,5.56,5.67,"XBB.1"
"493",2023-06-30,"XBB.2.3",1,5.56,5.67,"XBB.2"
"494",2023-06-30,"XBB.2.3.2",1,5.56,5.67,"XBB.2"
"495",2023-06-30,"XBB.2.3.4",1,5.56,5.67,"XBB.2"
"496",2023-07-10,"EG.5.1",1,5.56,6.27,"EG.5"
"497",2023-07-10,"FK.1.1",1,5.56,NA,"FK.1"
"498",2023-07-10,"FL.1",1,5.56,6.09,"FL.1"
"499",2023-07-10,"FL.2",1,5.56,NA,"FL.2"
"500",2023-07-10,"FU.1",1,5.56,5.67,"FU.1"
"501",2023-07-10,"GE.1",1,5.56,NA,"GE.1"
"502",2023-07-10,"XBB.1.11.1",1,5.56,NA,"XBB.1"
"503",2023-07-10,"XBB.1.16",1,5.56,6.27,"XBB.1"
"504",2023-07-10,"XBB.1.16.1",1,5.56,6.27,"XBB.1"
"505",2023-07-10,"XBB.1.16.6",1,5.56,5.67,"XBB.1"
"506",2023-07-10,"XBB.1.5",1,5.56,6.27,"XBB.1"
"507",2023-07-10,"XBB.1.5 (marker override)",1,5.56,NA,"XBB.1"
"508",2023-07-10,"XBB.1.5.10",1,5.56,6.27,"XBB.1"
"509",2023-07-10,"XBB.1.5.37",1,5.56,5.04,"XBB.1"
"510",2023-07-10,"XBB.1.5.48",1,5.56,NA,"XBB.1"
"511",2023-07-10,"XBB.1.5.5",1,5.56,NA,"XBB.1"
"512",2023-07-10,"XBB.1.9.1",1,5.56,6.27,"XBB.1"
"513",2023-07-10,"XBB.2.3.3",1,5.56,NA,"XBB.2"
"514",2023-07-11,"EG.5.1",1,5.56,5.56,"EG.5"
"515",2023-07-11,"FK.1.1",1,5.56,5.56,"FK.1"
"516",2023-07-11,"FL.1",1,5.56,5.56,"FL.1"
"517",2023-07-11,"FL.2",1,5.56,5.56,"FL.2"
"518",2023-07-11,"FU.1",1,5.56,5.56,"FU.1"
"519",2023-07-11,"GE.1",1,5.56,5.56,"GE.1"
"520",2023-07-11,"XBB.1.11.1",1,5.56,5.56,"XBB.1"
"521",2023-07-11,"XBB.1.16",1,5.56,5.56,"XBB.1"
"522",2023-07-11,"XBB.1.16.1",1,5.56,5.56,"XBB.1"
"523",2023-07-11,"XBB.1.16.6",1,5.56,5.56,"XBB.1"
"524",2023-07-11,"XBB.1.5",1,5.56,5.56,"XBB.1"
"525",2023-07-11,"XBB.1.5 (marker override)",1,5.56,5.56,"XBB.1"
"526",2023-07-11,"XBB.1.5.10",1,5.56,5.56,"XBB.1"
"527",2023-07-11,"XBB.1.5.37",1,5.56,5.56,"XBB.1"
"528",2023-07-11,"XBB.1.5.48",1,5.56,5.56,"XBB.1"
"529",2023-07-11,"XBB.1.5.5",1,5.56,5.56,"XBB.1"
"530",2023-07-11,"XBB.1.9.1",1,5.56,5.56,"XBB.1"
"531",2023-07-11,"XBB.2.3.3",1,5.56,5.56,"XBB.2"
"532",2023-07-12,"EG.5.1",1,5.56,5.46,"EG.5"
"533",2023-07-12,"FK.1.1",1,5.56,5.46,"FK.1"
"534",2023-07-12,"FL.1",1,5.56,5.46,"FL.1"
"535",2023-07-12,"FL.2",1,5.56,5.46,"FL.2"
"536",2023-07-12,"FU.1",1,5.56,5.46,"FU.1"
"537",2023-07-12,"GE.1",1,5.56,5.46,"GE.1"
"538",2023-07-12,"XBB.1.11.1",1,5.56,5.46,"XBB.1"
"539",2023-07-12,"XBB.1.16",1,5.56,5.46,"XBB.1"
"540",2023-07-12,"XBB.1.16.1",1,5.56,5.46,"XBB.1"
"541",2023-07-12,"XBB.1.16.6",1,5.56,5.46,"XBB.1"
"542",2023-07-12,"XBB.1.5",1,5.56,5.46,"XBB.1"
"543",2023-07-12,"XBB.1.5 (marker override)",1,5.56,5.46,"XBB.1"
"544",2023-07-12,"XBB.1.5.10",1,5.56,5.46,"XBB.1"
"545",2023-07-12,"XBB.1.5.37",1,5.56,5.46,"XBB.1"
"546",2023-07-12,"XBB.1.5.48",1,5.56,5.46,"XBB.1"
"547",2023-07-12,"XBB.1.5.5",1,5.56,7.22,"XBB.1"
"548",2023-07-12,"XBB.1.9.1",1,5.56,5.46,"XBB.1"
"549",2023-07-12,"XBB.2.3.3",1,5.56,5.46,"XBB.2"
"550",2023-07-16,"EG.5.1",1,5.56,5.46,"EG.5"
"551",2023-07-16,"FK.1.1",1,5.56,4.59,"FK.1"
"552",2023-07-16,"FL.1",1,5.56,5.46,"FL.1"
"553",2023-07-16,"FL.2",1,5.56,4.59,"FL.2"
"554",2023-07-16,"FU.1",1,5.56,4.59,"FU.1"
"555",2023-07-16,"GE.1",1,5.56,5.46,"GE.1"
"556",2023-07-16,"XBB.1.11.1",1,5.56,NA,"XBB.1"
"557",2023-07-16,"XBB.1.16",1,5.56,5.46,"XBB.1"
"558",2023-07-16,"XBB.1.16.1",1,5.56,7.22,"XBB.1"
"559",2023-07-16,"XBB.1.16.6",1,5.56,5.46,"XBB.1"
"560",2023-07-16,"XBB.1.5",1,5.56,5.46,"XBB.1"
"561",2023-07-16,"XBB.1.5 (marker override)",1,5.56,NA,"XBB.1"
"562",2023-07-16,"XBB.1.5.10",1,5.56,5.46,"XBB.1"
"563",2023-07-16,"XBB.1.5.37",1,5.56,4.84,"XBB.1"
"564",2023-07-16,"XBB.1.5.48",1,5.56,4.59,"XBB.1"
"565",2023-07-16,"XBB.1.5.5",1,5.56,NA,"XBB.1"
"566",2023-07-16,"XBB.1.9.1",1,5.56,4.84,"XBB.1"
"567",2023-07-16,"XBB.2.3.3",1,5.56,5.46,"XBB.2"
"568",2023-07-17,"EG.1",1,5.56,5.04,"EG.1"
"569",2023-07-17,"EG.5.1",1,5.56,5.56,"EG.5"
"570",2023-07-17,"FE.1.1",1,5.56,NA,"FE.1"
"571",2023-07-17,"FE.1.2",1,5.56,NA,"FE.1"
"572",2023-07-17,"FL.1",1,5.56,5.56,"FL.1"
"573",2023-07-17,"FL.5",1,5.56,NA,"FL.5"
"574",2023-07-17,"GE.1",1,5.56,5.56,"GE.1"
"575",2023-07-17,"XBB.1.16",1,5.56,5.56,"XBB.1"
"576",2023-07-17,"XBB.1.16.1",1,5.56,5.56,"XBB.1"
"577",2023-07-17,"XBB.1.16.6",1,5.56,5.56,"XBB.1"
"578",2023-07-17,"XBB.1.5",1,5.56,5.56,"XBB.1"
"579",2023-07-17,"XBB.1.5.10",1,5.56,5.56,"XBB.1"
"580",2023-07-17,"XBB.1.5.14",1,5.56,NA,"XBB.1"
"581",2023-07-17,"XBB.1.5.55",1,5.56,5.67,"XBB.1"
"582",2023-07-17,"XBB.1.5.59",1,5.56,6.27,"XBB.1"
"583",2023-07-17,"XBB.1.9.2",1,5.56,6.27,"XBB.1"
"584",2023-07-17,"XBB.2.3",1,5.56,6.27,"XBB.2"
"585",2023-07-17,"XBB.2.3.3",1,5.56,5.56,"XBB.2"
"586",2023-07-18,"EG.1",1,5.56,5.56,"EG.1"
"587",2023-07-18,"EG.5.1",1,5.56,5.56,"EG.5"
"588",2023-07-18,"FE.1.1",1,5.56,5.56,"FE.1"
"589",2023-07-18,"FE.1.2",1,5.56,5.56,"FE.1"
"590",2023-07-18,"FL.1",1,5.56,5.56,"FL.1"
"591",2023-07-18,"FL.5",1,5.56,5.56,"FL.5"
"592",2023-07-18,"GE.1",1,5.56,5.56,"GE.1"
"593",2023-07-18,"XBB.1.16",1,5.56,5.56,"XBB.1"
"594",2023-07-18,"XBB.1.16.1",1,5.56,5.56,"XBB.1"
"595",2023-07-18,"XBB.1.16.6",1,5.56,5.56,"XBB.1"
"596",2023-07-18,"XBB.1.5",1,5.56,5.56,"XBB.1"
"597",2023-07-18,"XBB.1.5.10",1,5.56,5.56,"XBB.1"
"598",2023-07-18,"XBB.1.5.14",1,5.56,5.56,"XBB.1"
"599",2023-07-18,"XBB.1.5.55",1,5.56,5.56,"XBB.1"
"600",2023-07-18,"XBB.1.5.59",1,5.56,5.56,"XBB.1"
"601",2023-07-18,"XBB.1.9.2",1,5.56,5.56,"XBB.1"
"602",2023-07-18,"XBB.2.3",1,5.56,5.56,"XBB.2"
"603",2023-07-18,"XBB.2.3.3",1,5.56,5.56,"XBB.2"
"604",2023-07-19,"EG.1",1,5.56,5.56,"EG.1"
"605",2023-07-19,"EG.5.1",1,5.56,5.56,"EG.5"
"606",2023-07-19,"FE.1.1",1,5.56,5.56,"FE.1"
"607",2023-07-19,"FE.1.2",1,5.56,5.56,"FE.1"
"608",2023-07-19,"FL.1",1,5.56,5.56,"FL.1"
"609",2023-07-19,"FL.5",1,5.56,5.56,"FL.5"
"610",2023-07-19,"GE.1",1,5.56,5.56,"GE.1"
"611",2023-07-19,"XBB.1.16",1,5.56,5.56,"XBB.1"
"612",2023-07-19,"XBB.1.16.1",1,5.56,5.56,"XBB.1"
"613",2023-07-19,"XBB.1.16.6",1,5.56,5.56,"XBB.1"
"614",2023-07-19,"XBB.1.5",1,5.56,5.56,"XBB.1"
"615",2023-07-19,"XBB.1.5.10",1,5.56,5.56,"XBB.1"
"616",2023-07-19,"XBB.1.5.14",1,5.56,5.56,"XBB.1"
"617",2023-07-19,"XBB.1.5.55",1,5.56,5.56,"XBB.1"
"618",2023-07-19,"XBB.1.5.59",1,5.56,5.56,"XBB.1"
"619",2023-07-19,"XBB.1.9.2",1,5.56,5.56,"XBB.1"
"620",2023-07-19,"XBB.2.3",1,5.56,5.56,"XBB.2"
"621",2023-07-19,"XBB.2.3.3",1,5.56,5.56,"XBB.2"
"622",2023-07-20,"EG.1",1,5.56,5.56,"EG.1"
"623",2023-07-20,"EG.5.1",1,5.56,5.56,"EG.5"
"624",2023-07-20,"FE.1.1",1,5.56,5.56,"FE.1"
"625",2023-07-20,"FE.1.2",1,5.56,5.56,"FE.1"
"626",2023-07-20,"FL.1",1,5.56,5.56,"FL.1"
"627",2023-07-20,"FL.5",1,5.56,5.56,"FL.5"
"628",2023-07-20,"GE.1",1,5.56,5.56,"GE.1"
"629",2023-07-20,"XBB.1.16",1,5.56,5.56,"XBB.1"
"630",2023-07-20,"XBB.1.16.1",1,5.56,5.56,"XBB.1"
"631",2023-07-20,"XBB.1.16.6",1,5.56,5.56,"XBB.1"
"632",2023-07-20,"XBB.1.5",1,5.56,5.56,"XBB.1"
"633",2023-07-20,"XBB.1.5.10",1,5.56,5.56,"XBB.1"
"634",2023-07-20,"XBB.1.5.14",1,5.56,5.56,"XBB.1"
"635",2023-07-20,"XBB.1.5.55",1,5.56,5.56,"XBB.1"
"636",2023-07-20,"XBB.1.5.59",1,5.56,5.56,"XBB.1"
"637",2023-07-20,"XBB.1.9.2",1,5.56,5.56,"XBB.1"
"638",2023-07-20,"XBB.2.3",1,5.56,5.56,"XBB.2"
"639",2023-07-20,"XBB.2.3.3",1,5.56,5.56,"XBB.2"
"640",2023-07-21,"EG.1",1,5.56,5.46,"EG.1"
"641",2023-07-21,"EG.5.1",1,5.56,7.22,"EG.5"
"642",2023-07-21,"FE.1.1",1,5.56,5.46,"FE.1"
"643",2023-07-21,"FE.1.2",1,5.56,5.46,"FE.1"
"644",2023-07-21,"FL.1",1,5.56,5.46,"FL.1"
"645",2023-07-21,"FL.5",1,5.56,5.46,"FL.5"
"646",2023-07-21,"GE.1",1,5.56,5.46,"GE.1"
"647",2023-07-21,"XBB.1.16",1,5.56,5.46,"XBB.1"
"648",2023-07-21,"XBB.1.16.1",1,5.56,5.46,"XBB.1"
"649",2023-07-21,"XBB.1.16.6",1,5.56,5.46,"XBB.1"
"650",2023-07-21,"XBB.1.5",1,5.56,5.46,"XBB.1"
"651",2023-07-21,"XBB.1.5.10",1,5.56,5.46,"XBB.1"
"652",2023-07-21,"XBB.1.5.14",1,5.56,5.46,"XBB.1"
"653",2023-07-21,"XBB.1.5.55",1,5.56,5.46,"XBB.1"
"654",2023-07-21,"XBB.1.5.59",1,5.56,5.46,"XBB.1"
"655",2023-07-21,"XBB.1.9.2",1,5.56,5.46,"XBB.1"
"656",2023-07-21,"XBB.2.3",1,5.56,5.46,"XBB.2"
"657",2023-07-21,"XBB.2.3.3",1,5.56,5.46,"XBB.2"
"658",2023-07-23,"EG.1",1,5.56,4.59,"EG.1"
"659",2023-07-23,"EG.5.1",1,5.56,6.34,"EG.5"
"660",2023-07-23,"FE.1.1",1,5.56,5.57,"FE.1"
"661",2023-07-23,"FE.1.2",1,5.56,NA,"FE.1"
"662",2023-07-23,"FL.1",1,5.56,6.55,"FL.1"
"663",2023-07-23,"FL.5",1,5.56,NA,"FL.5"
"664",2023-07-23,"GE.1",1,5.56,4.84,"GE.1"
"665",2023-07-23,"XBB.1.16",1,5.56,5.57,"XBB.1"
"666",2023-07-23,"XBB.1.16.1",1,5.56,4.59,"XBB.1"
"667",2023-07-23,"XBB.1.16.6",1,5.56,4.59,"XBB.1"
"668",2023-07-23,"XBB.1.5",1,5.56,4.59,"XBB.1"
"669",2023-07-23,"XBB.1.5.10",1,5.56,5.12,"XBB.1"
"670",2023-07-23,"XBB.1.5.14",1,5.56,NA,"XBB.1"
"671",2023-07-23,"XBB.1.5.55",1,5.56,4.84,"XBB.1"
"672",2023-07-23,"XBB.1.5.59",1,5.56,4.59,"XBB.1"
"673",2023-07-23,"XBB.1.9.2",1,5.56,6.64,"XBB.1"
"674",2023-07-23,"XBB.2.3",1,5.56,4.59,"XBB.2"
"675",2023-07-23,"XBB.2.3.3",1,5.56,4.59,"XBB.2"
"676",2023-06-01,"EG.1",1,5.26,NA,"EG.1"
"677",2023-06-01,"EG.5",1,5.26,NA,"EG.5"
"678",2023-06-01,"FL.1",1,5.26,NA,"FL.1"
"679",2023-06-01,"FU.1",1,5.26,NA,"FU.1"
"680",2023-06-01,"XBB.1.16",1,5.26,NA,"XBB.1"
"681",2023-06-01,"XBB.1.16.1",1,5.26,NA,"XBB.1"
"682",2023-06-01,"XBB.1.28",1,5.26,NA,"XBB.1"
"683",2023-06-01,"XBB.1.5.10",1,5.26,NA,"XBB.1"
"684",2023-06-01,"XBB.1.5.16",1,5.26,NA,"XBB.1"
"685",2023-06-01,"XBB.1.5.30",1,5.26,NA,"XBB.1"
"686",2023-06-01,"XBB.1.9.2",1,5.26,NA,"XBB.1"
"687",2023-06-01,"XBB.2.3.2",1,5.26,NA,"XBB.2"
"688",2023-07-13,"EG.5.1",1,5.26,5.36,"EG.5"
"689",2023-07-13,"FK.1.1",1,5.26,5.36,"FK.1"
"690",2023-07-13,"FL.1",1,5.26,5.36,"FL.1"
"691",2023-07-13,"FL.2",1,5.26,5.36,"FL.2"
"692",2023-07-13,"FU.1",1,5.26,5.36,"FU.1"
"693",2023-07-13,"GE.1",1,5.26,5.36,"GE.1"
"694",2023-07-13,"XBB.1.11.1",1,5.26,5.36,"XBB.1"
"695",2023-07-13,"XBB.1.16",1,5.26,5.36,"XBB.1"
"696",2023-07-13,"XBB.1.16.1",1,5.26,7.12,"XBB.1"
"697",2023-07-13,"XBB.1.16.6",1,5.26,5.36,"XBB.1"
"698",2023-07-13,"XBB.1.5",1,5.26,5.36,"XBB.1"
"699",2023-07-13,"XBB.1.5 (marker override)",1,5.26,5.36,"XBB.1"
"700",2023-07-13,"XBB.1.5.10",1,5.26,5.36,"XBB.1"
"701",2023-07-13,"XBB.1.5.37",1,5.26,5.36,"XBB.1"
"702",2023-07-13,"XBB.1.5.48",1,5.26,5.36,"XBB.1"
"703",2023-07-13,"XBB.1.9.1",1,5.26,5.36,"XBB.1"
"704",2023-07-13,"XBB.2.3.3",1,5.26,5.36,"XBB.2"
"705",2023-07-14,"EG.5.1",1,5.26,5.36,"EG.5"
"706",2023-07-14,"FK.1.1",1,5.26,5.36,"FK.1"
"707",2023-07-14,"FL.1",1,5.26,5.36,"FL.1"
"708",2023-07-14,"FL.2",1,5.26,5.36,"FL.2"
"709",2023-07-14,"FU.1",1,5.26,5.36,"FU.1"
"710",2023-07-14,"GE.1",1,5.26,5.36,"GE.1"
"711",2023-07-14,"XBB.1.11.1",1,5.26,5.36,"XBB.1"
"712",2023-07-14,"XBB.1.16",1,5.26,5.36,"XBB.1"
"713",2023-07-14,"XBB.1.16.6",1,5.26,5.36,"XBB.1"
"714",2023-07-14,"XBB.1.5",1,5.26,5.36,"XBB.1"
"715",2023-07-14,"XBB.1.5 (marker override)",1,5.26,5.36,"XBB.1"
"716",2023-07-14,"XBB.1.5.10",1,5.26,5.36,"XBB.1"
"717",2023-07-14,"XBB.1.5.37",1,5.26,5.36,"XBB.1"
"718",2023-07-14,"XBB.1.5.48",1,5.26,5.36,"XBB.1"
"719",2023-07-14,"XBB.1.5.5",1,5.26,7.12,"XBB.1"
"720",2023-07-14,"XBB.1.9.1",1,5.26,5.36,"XBB.1"
"721",2023-07-14,"XBB.2.3.3",1,5.26,5.36,"XBB.2"
"722",2023-07-22,"EG.1",1,5.26,5.46,"EG.1"
"723",2023-07-22,"FE.1.1",1,5.26,5.46,"FE.1"
"724",2023-07-22,"FE.1.2",1,5.26,5.46,"FE.1"
"725",2023-07-22,"FL.1",1,5.26,5.46,"FL.1"
"726",2023-07-22,"FL.5",1,5.26,5.46,"FL.5"
"727",2023-07-22,"GE.1",1,5.26,5.46,"GE.1"
"728",2023-07-22,"XBB.1.16",1,5.26,5.46,"XBB.1"
"729",2023-07-22,"XBB.1.16.1",1,5.26,5.46,"XBB.1"
"730",2023-07-22,"XBB.1.16.6",1,5.26,5.46,"XBB.1"
"731",2023-07-22,"XBB.1.5",1,5.26,5.46,"XBB.1"
"732",2023-07-22,"XBB.1.5.10",1,5.26,5.46,"XBB.1"
"733",2023-07-22,"XBB.1.5.14",1,5.26,5.46,"XBB.1"
"734",2023-07-22,"XBB.1.5.55",1,5.26,5.46,"XBB.1"
"735",2023-07-22,"XBB.1.5.59",1,5.26,5.46,"XBB.1"
"736",2023-07-22,"XBB.1.9.2",1,5.26,5.46,"XBB.1"
"737",2023-07-22,"XBB.2.3",1,5.26,5.46,"XBB.2"
"738",2023-07-22,"XBB.2.3.3",1,5.26,5.46,"XBB.2"
"739",2023-08-11,"CH.1.1.1",1,5.26,4.9,"CH.1"
"740",2023-08-11,"EG.1.4",1,5.26,4.9,"EG.1"
"741",2023-08-11,"EG.5",1,5.26,4.9,"EG.5"
"742",2023-08-11,"EG.5.1",1,5.26,10.45,"EG.5"
"743",2023-08-11,"FL.1",1,5.26,4.9,"FL.1"
"744",2023-08-11,"FL.2",1,5.26,4.9,"FL.2"
"745",2023-08-11,"FU.1",1,5.26,4.9,"FU.1"
"746",2023-08-11,"FU.2",1,5.26,4.9,"FU.2"
"747",2023-08-11,"XBB.1.16",1,5.26,4.9,"XBB.1"
"748",2023-08-11,"XBB.1.16.6",1,5.26,4.9,"XBB.1"
"749",2023-08-11,"XBB.1.22.1",1,5.26,4.9,"XBB.1"
"750",2023-08-11,"XBB.1.5",1,5.26,6.28,"XBB.1"
"751",2023-08-11,"XBB.1.5.10",1,5.26,4.9,"XBB.1"
"752",2023-08-11,"XBB.1.5.39",1,5.26,4.9,"XBB.1"
"753",2023-08-11,"XBB.1.5.41",1,5.26,4.9,"XBB.1"
"754",2023-08-11,"XBB.1.5.59",1,5.26,4.9,"XBB.1"
"755",2023-08-11,"XBB.1.5.68",1,5.26,4.9,"XBB.1"
"756",2023-08-11,"XBB.1.9.2",1,5.26,4.9,"XBB.1"
"757",2023-08-11,"XBB.2.3.3",1,5.26,4.9,"XBB.2"
"758",2023-08-12,"CH.1.1.1",1,5.26,5.26,"CH.1"
"759",2023-08-12,"EG.1.4",1,5.26,5.26,"EG.1"
"760",2023-08-12,"EG.5",1,5.26,5.26,"EG.5"
"761",2023-08-12,"EG.5.1",1,5.26,5.26,"EG.5"
"762",2023-08-12,"FL.1",1,5.26,5.26,"FL.1"
"763",2023-08-12,"FL.2",1,5.26,5.26,"FL.2"
"764",2023-08-12,"FU.1",1,5.26,5.26,"FU.1"
"765",2023-08-12,"FU.2",1,5.26,5.26,"FU.2"
"766",2023-08-12,"XBB.1.16",1,5.26,5.26,"XBB.1"
"767",2023-08-12,"XBB.1.16.6",1,5.26,5.26,"XBB.1"
"768",2023-08-12,"XBB.1.22.1",1,5.26,5.26,"XBB.1"
"769",2023-08-12,"XBB.1.5",1,5.26,5.26,"XBB.1"
"770",2023-08-12,"XBB.1.5.10",1,5.26,5.26,"XBB.1"
"771",2023-08-12,"XBB.1.5.39",1,5.26,5.26,"XBB.1"
"772",2023-08-12,"XBB.1.5.41",1,5.26,5.26,"XBB.1"
"773",2023-08-12,"XBB.1.5.59",1,5.26,5.26,"XBB.1"
"774",2023-08-12,"XBB.1.5.68",1,5.26,5.26,"XBB.1"
"775",2023-08-12,"XBB.1.9.2",1,5.26,5.26,"XBB.1"
"776",2023-08-12,"XBB.2.3.3",1,5.26,5.26,"XBB.2"
"777",2023-08-13,"CH.1.1.1",1,5.26,NA,"CH.1"
"778",2023-08-13,"EG.1.4",1,5.26,NA,"EG.1"
"779",2023-08-13,"EG.5",1,5.26,NA,"EG.5"
"780",2023-08-13,"EG.5.1",1,5.26,NA,"EG.5"
"781",2023-08-13,"FL.1",1,5.26,NA,"FL.1"
"782",2023-08-13,"FL.2",1,5.26,NA,"FL.2"
"783",2023-08-13,"FU.1",1,5.26,NA,"FU.1"
"784",2023-08-13,"FU.2",1,5.26,NA,"FU.2"
"785",2023-08-13,"XBB.1.16",1,5.26,NA,"XBB.1"
"786",2023-08-13,"XBB.1.16.6",1,5.26,NA,"XBB.1"
"787",2023-08-13,"XBB.1.22.1",1,5.26,NA,"XBB.1"
"788",2023-08-13,"XBB.1.5",1,5.26,NA,"XBB.1"
"789",2023-08-13,"XBB.1.5.10",1,5.26,NA,"XBB.1"
"790",2023-08-13,"XBB.1.5.39",1,5.26,NA,"XBB.1"
"791",2023-08-13,"XBB.1.5.41",1,5.26,NA,"XBB.1"
"792",2023-08-13,"XBB.1.5.59",1,5.26,NA,"XBB.1"
"793",2023-08-13,"XBB.1.5.68",1,5.26,NA,"XBB.1"
"794",2023-08-13,"XBB.1.9.2",1,5.26,NA,"XBB.1"
"795",2023-08-13,"XBB.2.3.3",1,5.26,NA,"XBB.2"
"796",2023-08-09,"CH.1.1.1",1,5,4.45,"CH.1"
"797",2023-08-09,"EG.1.4",1,5,4.45,"EG.1"
"798",2023-08-09,"EG.5",1,5,4.45,"EG.5"
"799",2023-08-09,"EG.5.1",1,5,11.39,"EG.5"
"800",2023-08-09,"FL.1",1,5,7.22,"FL.1"
"801",2023-08-09,"FL.2",1,5,4.45,"FL.2"
"802",2023-08-09,"FU.1",1,5,4.45,"FU.1"
"803",2023-08-09,"FU.2",1,5,4.45,"FU.2"
"804",2023-08-09,"XBB.1.16",1,5,7.22,"XBB.1"
"805",2023-08-09,"XBB.1.22.1",1,5,4.45,"XBB.1"
"806",2023-08-09,"XBB.1.5",1,5,5.83,"XBB.1"
"807",2023-08-09,"XBB.1.5.10",1,5,4.45,"XBB.1"
"808",2023-08-09,"XBB.1.5.39",1,5,4.45,"XBB.1"
"809",2023-08-09,"XBB.1.5.41",1,5,4.45,"XBB.1"
"810",2023-08-09,"XBB.1.5.59",1,5,4.45,"XBB.1"
"811",2023-08-09,"XBB.1.5.68",1,5,4.45,"XBB.1"
"812",2023-08-09,"XBB.1.9.2",1,5,4.45,"XBB.1"
"813",2023-08-09,"XBB.2.3.3",1,5,4.45,"XBB.2"
"814",2023-06-27,"EG.5.1",1,4.76,5.51,"EG.5"
"815",2023-06-27,"FL.4",1,4.76,5.51,"FL.4"
"816",2023-06-27,"FU.1",1,4.76,5.51,"FU.1"
"817",2023-06-27,"GB.1",1,4.76,5.51,"GB.1"
"818",2023-06-27,"XBB.1.16",1,4.76,5.51,"XBB.1"
"819",2023-06-27,"XBB.1.16.1",1,4.76,5.51,"XBB.1"
"820",2023-06-27,"XBB.1.16.6",1,4.76,5.51,"XBB.1"
"821",2023-06-27,"XBB.1.22.1",1,4.76,5.51,"XBB.1"
"822",2023-06-27,"XBB.1.5",1,4.76,5.51,"XBB.1"
"823",2023-06-27,"XBB.1.5.10",1,4.76,5.51,"XBB.1"
"824",2023-06-27,"XBB.1.5.59",1,4.76,5.51,"XBB.1"
"825",2023-06-27,"XBB.1.9.2",1,4.76,5.51,"XBB.1"
"826",2023-06-27,"XBB.2.3",1,4.76,5.51,"XBB.2"
"827",2023-06-27,"XBB.2.3.2",1,4.76,5.51,"XBB.2"
"828",2023-06-27,"XBB.2.3.4",1,4.76,5.51,"XBB.2"
"829",2023-08-07,"CH.1.1.1",1,4.55,NA,"CH.1"
"830",2023-08-07,"EG.1.4",1,4.55,4.14,"EG.1"
"831",2023-08-07,"FL.1",1,4.55,6.92,"FL.1"
"832",2023-08-07,"FL.2",1,4.55,4.14,"FL.2"
"833",2023-08-07,"FU.1",1,4.55,4.14,"FU.1"
"834",2023-08-07,"FU.2",1,4.55,4.14,"FU.2"
"835",2023-08-07,"XBB.1.16",1,4.55,8.15,"XBB.1"
"836",2023-08-07,"XBB.1.16.6",1,4.55,4.14,"XBB.1"
"837",2023-08-07,"XBB.1.22.1",1,4.55,3.98,"XBB.1"
"838",2023-08-07,"XBB.1.5",1,4.55,5.38,"XBB.1"
"839",2023-08-07,"XBB.1.5.10",1,4.55,4.76,"XBB.1"
"840",2023-08-07,"XBB.1.5.39",1,4.55,4.14,"XBB.1"
"841",2023-08-07,"XBB.1.5.41",1,4.55,3.98,"XBB.1"
"842",2023-08-07,"XBB.1.5.59",1,4.55,4.14,"XBB.1"
"843",2023-08-07,"XBB.1.5.68",1,4.55,3.98,"XBB.1"
"844",2023-08-07,"XBB.2.3.3",1,4.55,4.14,"XBB.2"
"845",2023-06-08,"BF.25",1,4.17,3.77,"BF.2"
"846",2023-06-08,"DV.1",1,4.17,4.96,"DV.1"
"847",2023-06-08,"EG.1",1,4.17,3.77,"EG.1"
"848",2023-06-08,"EG.5",1,4.17,3.77,"EG.5"
"849",2023-06-08,"EG.5.1",1,4.17,4.96,"EG.5"
"850",2023-06-08,"FL.1",1,4.17,3.77,"FL.1"
"851",2023-06-08,"FY.3",1,4.17,3.77,"FY.3"
"852",2023-06-08,"XBB",1,4.17,3.77,"XBB"
"853",2023-06-08,"XBB.1.16",1,4.17,4.96,"XBB.1"
"854",2023-06-08,"XBB.1.16.1",1,4.17,3.77,"XBB.1"
"855",2023-06-08,"XBB.1.16.2",1,4.17,3.77,"XBB.1"
"856",2023-06-08,"XBB.1.4",1,4.17,3.77,"XBB.1"
"857",2023-06-08,"XBB.1.5",1,4.17,7.34,"XBB.1"
"858",2023-06-08,"XBB.1.5.1",1,4.17,3.77,"XBB.1"
"859",2023-06-08,"XBB.1.5.13",1,4.17,3.77,"XBB.1"
"860",2023-06-08,"XBB.1.5.15",1,4.17,3.77,"XBB.1"
"861",2023-06-08,"XBB.1.5.28",1,4.17,3.77,"XBB.1"
"862",2023-06-08,"XBB.1.5.30",1,4.17,3.77,"XBB.1"
"863",2023-06-08,"XBB.1.5.31",1,4.17,3.77,"XBB.1"
"864",2023-06-08,"XBB.1.5.37",1,4.17,3.77,"XBB.1"
"865",2023-06-08,"XBB.1.5.59",1,4.17,4.96,"XBB.1"
"866",2023-06-08,"XBB.1.9.1",1,4.17,4.96,"XBB.1"
"867",2023-06-08,"XBB.1.9.2",1,4.17,3.77,"XBB.1"
"868",2023-06-08,"XBB.2.3.10",1,4.17,3.77,"XBB.2"
"869",2023-06-10,"BF.25",1,4.17,3.91,"BF.2"
"870",2023-06-10,"DV.1",1,4.17,5.1,"DV.1"
"871",2023-06-10,"EG.1",1,4.17,3.91,"EG.1"
"872",2023-06-10,"EG.5",1,4.17,3.91,"EG.5"
"873",2023-06-10,"EG.5.1",1,4.17,3.91,"EG.5"
"874",2023-06-10,"FL.1",1,4.17,3.91,"FL.1"
"875",2023-06-10,"FY.3",1,4.17,3.91,"FY.3"
"876",2023-06-10,"XBB",1,4.17,3.91,"XBB"
"877",2023-06-10,"XBB.1.16",1,4.17,6.44,"XBB.1"
"878",2023-06-10,"XBB.1.16.1",1,4.17,3.91,"XBB.1"
"879",2023-06-10,"XBB.1.16.2",1,4.17,3.91,"XBB.1"
"880",2023-06-10,"XBB.1.4",1,4.17,3.91,"XBB.1"
"881",2023-06-10,"XBB.1.5",1,4.17,5.1,"XBB.1"
"882",2023-06-10,"XBB.1.5.1",1,4.17,3.91,"XBB.1"
"883",2023-06-10,"XBB.1.5.13",1,4.17,3.91,"XBB.1"
"884",2023-06-10,"XBB.1.5.15",1,4.17,3.91,"XBB.1"
"885",2023-06-10,"XBB.1.5.28",1,4.17,3.91,"XBB.1"
"886",2023-06-10,"XBB.1.5.30",1,4.17,3.91,"XBB.1"
"887",2023-06-10,"XBB.1.5.31",1,4.17,3.91,"XBB.1"
"888",2023-06-10,"XBB.1.5.37",1,4.17,3.91,"XBB.1"
"889",2023-06-10,"XBB.1.5.59",1,4.17,5.1,"XBB.1"
"890",2023-06-10,"XBB.1.9.1",1,4.17,3.91,"XBB.1"
"891",2023-06-10,"XBB.1.9.2",1,4.17,3.91,"XBB.1"
"892",2023-06-10,"XBB.2.3.10",1,4.17,3.91,"XBB.2"
"893",2023-08-05,"EG.1.4",1,4.17,3.7,"EG.1"
"894",2023-08-05,"EG.5.1",1,4.17,6.92,"EG.5"
"895",2023-08-05,"FE.1.1",1,4.17,3.7,"FE.1"
"896",2023-08-05,"FL.1",1,4.17,5.85,"FL.1"
"897",2023-08-05,"FL.2",1,4.17,3.7,"FL.2"
"898",2023-08-05,"FU.1",1,4.17,3.7,"FU.1"
"899",2023-08-05,"FU.2",1,4.17,3.7,"FU.2"
"900",2023-08-05,"FY.1",1,4.17,3.7,"FY.1"
"901",2023-08-05,"FY.3",1,4.17,4.77,"FY.3"
"902",2023-08-05,"GE.1",1,4.17,4.94,"GE.1"
"903",2023-08-05,"Unassigned",1,4.17,3.7,"Unas"
"904",2023-08-05,"XBB.1.16",1,4.17,4.94,"XBB.1"
"905",2023-08-05,"XBB.1.16.6",1,4.17,3.7,"XBB.1"
"906",2023-08-05,"XBB.1.5",1,4.17,6.01,"XBB.1"
"907",2023-08-05,"XBB.1.5.28",1,4.17,3.7,"XBB.1"
"908",2023-08-05,"XBB.1.5.37",1,4.17,3.7,"XBB.1"
"909",2023-08-05,"XBB.1.5.39",1,4.17,3.7,"XBB.1"
"910",2023-08-05,"XBB.1.5.44",1,4.17,3.7,"XBB.1"
"911",2023-08-05,"XBB.1.5.55",1,4.17,3.7,"XBB.1"
"912",2023-08-05,"XBB.1.5.59",1,4.17,3.7,"XBB.1"
"913",2023-08-05,"XBB.1.9.1",1,4.17,3.7,"XBB.1"
"914",2023-08-05,"XBB.2.3",1,4.17,3.7,"XBB.2"
"915",2023-08-05,"XBB.2.3.11",1,4.17,3.7,"XBB.2"
"916",2023-08-05,"XBB.2.3.3",1,4.17,3.7,"XBB.2"
"917",2023-08-08,"CH.1.1.1",1,4.17,4.57,"CH.1"
"918",2023-08-08,"EG.1.4",1,4.17,4.57,"EG.1"
"919",2023-08-08,"EG.5",1,4.17,6.09,"EG.5"
"920",2023-08-08,"FL.2",1,4.17,4.57,"FL.2"
"921",2023-08-08,"FU.1",1,4.17,4.57,"FU.1"
"922",2023-08-08,"FU.2",1,4.17,4.57,"FU.2"
"923",2023-08-08,"XBB.1.16.6",1,4.17,6.24,"XBB.1"
"924",2023-08-08,"XBB.1.22.1",1,4.17,4.57,"XBB.1"
"925",2023-08-08,"XBB.1.5",1,4.17,4.57,"XBB.1"
"926",2023-08-08,"XBB.1.5.10",1,4.17,4.57,"XBB.1"
"927",2023-08-08,"XBB.1.5.39",1,4.17,4.57,"XBB.1"
"928",2023-08-08,"XBB.1.5.41",1,4.17,4.57,"XBB.1"
"929",2023-08-08,"XBB.1.5.59",1,4.17,4.57,"XBB.1"
"930",2023-08-08,"XBB.1.5.68",1,4.17,4.57,"XBB.1"
"931",2023-08-08,"XBB.1.9.2",1,4.17,6.09,"XBB.1"
"932",2023-08-08,"XBB.2.3.3",1,4.17,4.57,"XBB.2"
"933",2023-08-10,"CH.1.1.1",1,4.17,4.81,"CH.1"
"934",2023-08-10,"EG.1.4",1,4.17,4.81,"EG.1"
"935",2023-08-10,"EG.5",1,4.17,4.81,"EG.5"
"936",2023-08-10,"FL.1",1,4.17,4.81,"FL.1"
"937",2023-08-10,"FL.2",1,4.17,4.81,"FL.2"
"938",2023-08-10,"FU.1",1,4.17,4.81,"FU.1"
"939",2023-08-10,"FU.2",1,4.17,4.81,"FU.2"
"940",2023-08-10,"XBB.1.16",1,4.17,4.81,"XBB.1"
"941",2023-08-10,"XBB.1.16.6",1,4.17,6.48,"XBB.1"
"942",2023-08-10,"XBB.1.22.1",1,4.17,4.81,"XBB.1"
"943",2023-08-10,"XBB.1.5.10",1,4.17,4.81,"XBB.1"
"944",2023-08-10,"XBB.1.5.39",1,4.17,4.81,"XBB.1"
"945",2023-08-10,"XBB.1.5.41",1,4.17,4.81,"XBB.1"
"946",2023-08-10,"XBB.1.5.59",1,4.17,4.81,"XBB.1"
"947",2023-08-10,"XBB.1.5.68",1,4.17,4.81,"XBB.1"
"948",2023-08-10,"XBB.1.9.2",1,4.17,4.81,"XBB.1"
"949",2023-08-10,"XBB.2.3.3",1,4.17,4.81,"XBB.2"
"950",2023-06-05,"BF.25",1,4,NA,"BF.2"
"951",2023-06-05,"DV.1",1,4,NA,"DV.1"
"952",2023-06-05,"EG.1",1,4,4.84,"EG.1"
"953",2023-06-05,"EG.5",1,4,4.84,"EG.5"
"954",2023-06-05,"EG.5.1",1,4,NA,"EG.5"
"955",2023-06-05,"FL.1",1,4,4.84,"FL.1"
"956",2023-06-05,"FY.3",1,4,NA,"FY.3"
"957",2023-06-05,"XBB",1,4,NA,"XBB"
"958",2023-06-05,"XBB.1.16",1,4,4.84,"XBB.1"
"959",2023-06-05,"XBB.1.16.1",1,4,4.84,"XBB.1"
"960",2023-06-05,"XBB.1.16.2",1,4,NA,"XBB.1"
"961",2023-06-05,"XBB.1.4",1,4,NA,"XBB.1"
"962",2023-06-05,"XBB.1.5",1,4,7.4,"XBB.1"
"963",2023-06-05,"XBB.1.5.13",1,4,NA,"XBB.1"
"964",2023-06-05,"XBB.1.5.15",1,4,NA,"XBB.1"
"965",2023-06-05,"XBB.1.5.28",1,4,NA,"XBB.1"
"966",2023-06-05,"XBB.1.5.30",1,4,7.06,"XBB.1"
"967",2023-06-05,"XBB.1.5.31",1,4,NA,"XBB.1"
"968",2023-06-05,"XBB.1.5.37",1,4,NA,"XBB.1"
"969",2023-06-05,"XBB.1.5.59",1,4,NA,"XBB.1"
"970",2023-06-05,"XBB.1.9.1",1,4,4.84,"XBB.1"
"971",2023-06-05,"XBB.1.9.2",1,4,4.84,"XBB.1"
"972",2023-06-05,"XBB.2.3.10",1,4,NA,"XBB.2"
"973",2023-06-11,"BF.25",1,4,NA,"BF.2"
"974",2023-06-11,"DV.1",1,4,4.68,"DV.1"
"975",2023-06-11,"EG.1",1,4,4.58,"EG.1"
"976",2023-06-11,"EG.5",1,4,5.1,"EG.5"
"977",2023-06-11,"EG.5.1",1,4,4.68,"EG.5"
"978",2023-06-11,"FL.1",1,4,4.68,"FL.1"
"979",2023-06-11,"FY.3",1,4,5.1,"FY.3"
"980",2023-06-11,"XBB",1,4,NA,"XBB"
"981",2023-06-11,"XBB.1.16.1",1,4,4.68,"XBB.1"
"982",2023-06-11,"XBB.1.16.2",1,4,3.7,"XBB.1"
"983",2023-06-11,"XBB.1.4",1,4,4.68,"XBB.1"
"984",2023-06-11,"XBB.1.5",1,4,8.61,"XBB.1"
"985",2023-06-11,"XBB.1.5.1",1,4,6.64,"XBB.1"
"986",2023-06-11,"XBB.1.5.13",1,4,NA,"XBB.1"
"987",2023-06-11,"XBB.1.5.15",1,4,4.95,"XBB.1"
"988",2023-06-11,"XBB.1.5.28",1,4,3.7,"XBB.1"
"989",2023-06-11,"XBB.1.5.30",1,4,NA,"XBB.1"
"990",2023-06-11,"XBB.1.5.31",1,4,NA,"XBB.1"
"991",2023-06-11,"XBB.1.5.37",1,4,4.58,"XBB.1"
"992",2023-06-11,"XBB.1.5.59",1,4,4.68,"XBB.1"
"993",2023-06-11,"XBB.1.9.1",1,4,4.68,"XBB.1"
"994",2023-06-11,"XBB.1.9.2",1,4,4.68,"XBB.1"
"995",2023-06-11,"XBB.2.3.10",1,4,4.68,"XBB.2"
"996",2023-06-06,"BF.25",1,3.85,3.81,"BF.2"
"997",2023-06-06,"DV.1",1,3.85,3.81,"DV.1"
"998",2023-06-06,"EG.1",1,3.85,3.81,"EG.1"
"999",2023-06-06,"EG.5",1,3.85,3.81,"EG.5"
"1000",2023-06-06,"EG.5.1",1,3.85,5,"EG.5"
"1001",2023-06-06,"FL.1",1,3.85,3.81,"FL.1"
"1002",2023-06-06,"FY.3",1,3.85,3.81,"FY.3"
"1003",2023-06-06,"XBB",1,3.85,3.81,"XBB"
"1004",2023-06-06,"XBB.1.16",1,3.85,3.81,"XBB.1"
"1005",2023-06-06,"XBB.1.16.1",1,3.85,3.81,"XBB.1"
"1006",2023-06-06,"XBB.1.16.2",1,3.85,3.81,"XBB.1"
"1007",2023-06-06,"XBB.1.4",1,3.85,3.81,"XBB.1"
"1008",2023-06-06,"XBB.1.5.1",1,3.85,5.14,"XBB.1"
"1009",2023-06-06,"XBB.1.5.13",1,3.85,3.81,"XBB.1"
"1010",2023-06-06,"XBB.1.5.15",1,3.85,3.81,"XBB.1"
"1011",2023-06-06,"XBB.1.5.28",1,3.85,3.81,"XBB.1"
"1012",2023-06-06,"XBB.1.5.30",1,3.85,3.81,"XBB.1"
"1013",2023-06-06,"XBB.1.5.31",1,3.85,3.81,"XBB.1"
"1014",2023-06-06,"XBB.1.5.37",1,3.85,3.81,"XBB.1"
"1015",2023-06-06,"XBB.1.5.59",1,3.85,3.81,"XBB.1"
"1016",2023-06-06,"XBB.1.9.1",1,3.85,5,"XBB.1"
"1017",2023-06-06,"XBB.1.9.2",1,3.85,3.81,"XBB.1"
"1018",2023-06-06,"XBB.2.3.10",1,3.85,3.81,"XBB.2"
"1019",2023-07-31,"EG.1.4",1,3.7,NA,"EG.1"
"1020",2023-07-31,"FE.1.1",1,3.7,3.54,"FE.1"
"1021",2023-07-31,"FL.1",1,3.7,3.54,"FL.1"
"1022",2023-07-31,"FL.2",1,3.7,4.62,"FL.2"
"1023",2023-07-31,"FU.2",1,3.7,3.54,"FU.2"
"1024",2023-07-31,"FY.1",1,3.7,3.54,"FY.1"
"1025",2023-07-31,"FY.3",1,3.7,3.54,"FY.3"
"1026",2023-07-31,"GE.1",1,3.7,4.32,"GE.1"
"1027",2023-07-31,"Unassigned",1,3.7,NA,"Unas"
"1028",2023-07-31,"XBB.1.16",1,3.7,4.78,"XBB.1"
"1029",2023-07-31,"XBB.1.16.6",1,3.7,3.54,"XBB.1"
"1030",2023-07-31,"XBB.1.5",1,3.7,3.54,"XBB.1"
"1031",2023-07-31,"XBB.1.5.28",1,3.7,3.54,"XBB.1"
"1032",2023-07-31,"XBB.1.5.37",1,3.7,4.32,"XBB.1"
"1033",2023-07-31,"XBB.1.5.39",1,3.7,3.54,"XBB.1"
"1034",2023-07-31,"XBB.1.5.44",1,3.7,NA,"XBB.1"
"1035",2023-07-31,"XBB.1.5.55",1,3.7,4.32,"XBB.1"
"1036",2023-07-31,"XBB.1.5.59",1,3.7,3.54,"XBB.1"
"1037",2023-07-31,"XBB.1.9.1",1,3.7,4.32,"XBB.1"
"1038",2023-07-31,"XBB.2.3",1,3.7,3.54,"XBB.2"
"1039",2023-07-31,"XBB.2.3.11",1,3.7,3.54,"XBB.2"
"1040",2023-08-01,"EG.1.4",1,3.7,3.58,"EG.1"
"1041",2023-08-01,"FE.1.1",1,3.7,3.58,"FE.1"
"1042",2023-08-01,"FL.1",1,3.7,5.8,"FL.1"
"1043",2023-08-01,"FL.2",1,3.7,4.69,"FL.2"
"1044",2023-08-01,"FU.1",1,3.7,4.81,"FU.1"
"1045",2023-08-01,"FU.2",1,3.7,3.58,"FU.2"
"1046",2023-08-01,"FY.1",1,3.7,3.58,"FY.1"
"1047",2023-08-01,"FY.3",1,3.7,3.58,"FY.3"
"1048",2023-08-01,"GE.1",1,3.7,3.58,"GE.1"
"1049",2023-08-01,"Unassigned",1,3.7,3.58,"Unas"
"1050",2023-08-01,"XBB.1.16.6",1,3.7,4.69,"XBB.1"
"1051",2023-08-01,"XBB.1.5",1,3.7,4.69,"XBB.1"
"1052",2023-08-01,"XBB.1.5.28",1,3.7,3.58,"XBB.1"
"1053",2023-08-01,"XBB.1.5.37",1,3.7,3.58,"XBB.1"
"1054",2023-08-01,"XBB.1.5.39",1,3.7,3.58,"XBB.1"
"1055",2023-08-01,"XBB.1.5.44",1,3.7,3.58,"XBB.1"
"1056",2023-08-01,"XBB.1.5.55",1,3.7,3.58,"XBB.1"
"1057",2023-08-01,"XBB.1.5.59",1,3.7,3.58,"XBB.1"
"1058",2023-08-01,"XBB.1.9.1",1,3.7,4.69,"XBB.1"
"1059",2023-08-01,"XBB.2.3",1,3.7,3.58,"XBB.2"
"1060",2023-08-01,"XBB.2.3.11",1,3.7,3.58,"XBB.2"
"1061",2023-08-01,"XBB.2.3.3",1,3.7,4.81,"XBB.2"
"1062",2023-08-03,"EG.1.4",1,3.7,3.42,"EG.1"
"1063",2023-08-03,"FE.1.1",1,3.7,3.42,"FE.1"
"1064",2023-08-03,"FL.1",1,3.7,7.79,"FL.1"
"1065",2023-08-03,"FL.2",1,3.7,4.53,"FL.2"
"1066",2023-08-03,"FU.1",1,3.7,3.42,"FU.1"
"1067",2023-08-03,"FU.2",1,3.7,3.42,"FU.2"
"1068",2023-08-03,"FY.1",1,3.7,3.42,"FY.1"
"1069",2023-08-03,"FY.3",1,3.7,4.49,"FY.3"
"1070",2023-08-03,"GE.1",1,3.7,3.42,"GE.1"
"1071",2023-08-03,"Unassigned",1,3.7,3.42,"Unas"
"1072",2023-08-03,"XBB.1.16",1,3.7,3.42,"XBB.1"
"1073",2023-08-03,"XBB.1.16.6",1,3.7,4.53,"XBB.1"
"1074",2023-08-03,"XBB.1.5",1,3.7,5.61,"XBB.1"
"1075",2023-08-03,"XBB.1.5.28",1,3.7,3.42,"XBB.1"
"1076",2023-08-03,"XBB.1.5.37",1,3.7,3.42,"XBB.1"
"1077",2023-08-03,"XBB.1.5.39",1,3.7,3.42,"XBB.1"
"1078",2023-08-03,"XBB.1.5.44",1,3.7,3.42,"XBB.1"
"1079",2023-08-03,"XBB.1.5.55",1,3.7,3.42,"XBB.1"
"1080",2023-08-03,"XBB.1.5.59",1,3.7,3.42,"XBB.1"
"1081",2023-08-03,"XBB.1.9.1",1,3.7,4.53,"XBB.1"
"1082",2023-08-03,"XBB.2.3",1,3.7,3.42,"XBB.2"
"1083",2023-08-03,"XBB.2.3.11",1,3.7,3.42,"XBB.2"
"1084",2023-08-06,"EG.1.4",1,3.7,4.14,"EG.1"
"1085",2023-08-06,"EG.5.1",1,3.7,5.65,"EG.5"
"1086",2023-08-06,"FE.1.1",1,3.7,NA,"FE.1"
"1087",2023-08-06,"FL.1",1,3.7,4.14,"FL.1"
"1088",2023-08-06,"FL.2",1,3.7,4.14,"FL.2"
"1089",2023-08-06,"FU.1",1,3.7,4.14,"FU.1"
"1090",2023-08-06,"FU.2",1,3.7,4.14,"FU.2"
"1091",2023-08-06,"FY.1",1,3.7,NA,"FY.1"
"1092",2023-08-06,"FY.3",1,3.7,NA,"FY.3"
"1093",2023-08-06,"Unassigned",1,3.7,NA,"Unas"
"1094",2023-08-06,"XBB.1.16.6",1,3.7,4.14,"XBB.1"
"1095",2023-08-06,"XBB.1.5.28",1,3.7,NA,"XBB.1"
"1096",2023-08-06,"XBB.1.5.37",1,3.7,NA,"XBB.1"
"1097",2023-08-06,"XBB.1.5.39",1,3.7,4.14,"XBB.1"
"1098",2023-08-06,"XBB.1.5.44",1,3.7,NA,"XBB.1"
"1099",2023-08-06,"XBB.1.5.55",1,3.7,NA,"XBB.1"
"1100",2023-08-06,"XBB.1.5.59",1,3.7,4.14,"XBB.1"
"1101",2023-08-06,"XBB.1.9.1",1,3.7,NA,"XBB.1"
"1102",2023-08-06,"XBB.2.3",1,3.7,NA,"XBB.2"
"1103",2023-08-06,"XBB.2.3.11",1,3.7,NA,"XBB.2"
"1104",2023-08-06,"XBB.2.3.3",1,3.7,4.14,"XBB.2"
"1105",2023-06-07,"BF.25",1,3.57,3.86,"BF.2"
"1106",2023-06-07,"DV.1",1,3.57,3.86,"DV.1"
"1107",2023-06-07,"EG.1",1,3.57,3.86,"EG.1"
"1108",2023-06-07,"EG.5",1,3.57,3.86,"EG.5"
"1109",2023-06-07,"FL.1",1,3.57,3.86,"FL.1"
"1110",2023-06-07,"FY.3",1,3.57,3.86,"FY.3"
"1111",2023-06-07,"XBB",1,3.57,3.86,"XBB"
"1112",2023-06-07,"XBB.1.16",1,3.57,3.86,"XBB.1"
"1113",2023-06-07,"XBB.1.16.1",1,3.57,3.86,"XBB.1"
"1114",2023-06-07,"XBB.1.16.2",1,3.57,3.86,"XBB.1"
"1115",2023-06-07,"XBB.1.4",1,3.57,3.86,"XBB.1"
"1116",2023-06-07,"XBB.1.5.1",1,3.57,3.86,"XBB.1"
"1117",2023-06-07,"XBB.1.5.13",1,3.57,3.86,"XBB.1"
"1118",2023-06-07,"XBB.1.5.15",1,3.57,3.86,"XBB.1"
"1119",2023-06-07,"XBB.1.5.28",1,3.57,3.86,"XBB.1"
"1120",2023-06-07,"XBB.1.5.30",1,3.57,3.86,"XBB.1"
"1121",2023-06-07,"XBB.1.5.31",1,3.57,3.86,"XBB.1"
"1122",2023-06-07,"XBB.1.5.37",1,3.57,3.86,"XBB.1"
"1123",2023-06-07,"XBB.1.5.59",1,3.57,3.86,"XBB.1"
"1124",2023-06-07,"XBB.1.9.2",1,3.57,3.86,"XBB.1"
"1125",2023-06-07,"XBB.2.3.10",1,3.57,3.86,"XBB.2"
"1126",2023-06-09,"BF.25",1,3.57,3.97,"BF.2"
"1127",2023-06-09,"EG.1",1,3.57,3.97,"EG.1"
"1128",2023-06-09,"EG.5",1,3.57,3.97,"EG.5"
"1129",2023-06-09,"EG.5.1",1,3.57,3.97,"EG.5"
"1130",2023-06-09,"FL.1",1,3.57,3.97,"FL.1"
"1131",2023-06-09,"FY.3",1,3.57,3.97,"FY.3"
"1132",2023-06-09,"XBB",1,3.57,3.97,"XBB"
"1133",2023-06-09,"XBB.1.16.1",1,3.57,3.97,"XBB.1"
"1134",2023-06-09,"XBB.1.16.2",1,3.57,3.97,"XBB.1"
"1135",2023-06-09,"XBB.1.4",1,3.57,3.97,"XBB.1"
"1136",2023-06-09,"XBB.1.5.1",1,3.57,3.97,"XBB.1"
"1137",2023-06-09,"XBB.1.5.13",1,3.57,3.97,"XBB.1"
"1138",2023-06-09,"XBB.1.5.15",1,3.57,3.97,"XBB.1"
"1139",2023-06-09,"XBB.1.5.28",1,3.57,3.97,"XBB.1"
"1140",2023-06-09,"XBB.1.5.30",1,3.57,3.97,"XBB.1"
"1141",2023-06-09,"XBB.1.5.31",1,3.57,3.97,"XBB.1"
"1142",2023-06-09,"XBB.1.5.37",1,3.57,3.97,"XBB.1"
"1143",2023-06-09,"XBB.1.9.1",1,3.57,3.97,"XBB.1"
"1144",2023-06-09,"XBB.1.9.2",1,3.57,3.97,"XBB.1"
"1145",2023-06-09,"XBB.2.3.10",1,3.57,3.97,"XBB.2"
"1146",2023-07-25,"EG.1",1,3.33,3.1,"EG.1"
"1147",2023-07-25,"EG.5",1,3.33,3.1,"EG.5"
"1148",2023-07-25,"EG.5.1",1,3.33,4.11,"EG.5"
"1149",2023-07-25,"FD.1.1",1,3.33,3.1,"FD.1"
"1150",2023-07-25,"FE.1.1",1,3.33,4.08,"FE.1"
"1151",2023-07-25,"FK.1.1",1,3.33,3.1,"FK.1"
"1152",2023-07-25,"FL.1",1,3.33,6.07,"FL.1"
"1153",2023-07-25,"FL.2",1,3.33,3.1,"FL.2"
"1154",2023-07-25,"FU.1",1,3.33,3.1,"FU.1"
"1155",2023-07-25,"FU.2",1,3.33,3.1,"FU.2"
"1156",2023-07-25,"FY.1",1,3.33,3.1,"FY.1"
"1157",2023-07-25,"FY.3",1,3.33,3.1,"FY.3"
"1158",2023-07-25,"XBB.1.16",1,3.33,4.08,"XBB.1"
"1159",2023-07-25,"XBB.1.16.1",1,3.33,3.1,"XBB.1"
"1160",2023-07-25,"XBB.1.16.2",1,3.33,3.1,"XBB.1"
"1161",2023-07-25,"XBB.1.16.6",1,3.33,3.1,"XBB.1"
"1162",2023-07-25,"XBB.1.22.1",1,3.33,4.11,"XBB.1"
"1163",2023-07-25,"XBB.1.5",1,3.33,3.1,"XBB.1"
"1164",2023-07-25,"XBB.1.5.18",1,3.33,3.1,"XBB.1"
"1165",2023-07-25,"XBB.1.5.28",1,3.33,3.1,"XBB.1"
"1166",2023-07-25,"XBB.1.5.39",1,3.33,3.1,"XBB.1"
"1167",2023-07-25,"XBB.1.5.4",1,3.33,3.1,"XBB.1"
"1168",2023-07-25,"XBB.1.5.41",1,3.33,3.1,"XBB.1"
"1169",2023-07-25,"XBB.1.5.48",1,3.33,3.1,"XBB.1"
"1170",2023-07-25,"XBB.1.5.59",1,3.33,3.1,"XBB.1"
"1171",2023-07-25,"XBB.1.5.68",1,3.33,3.1,"XBB.1"
"1172",2023-07-25,"XBB.2.3",1,3.33,3.1,"XBB.2"
"1173",2023-07-25,"XBB.2.3.11",1,3.33,3.1,"XBB.2"
"1174",2023-07-25,"XBB.2.3.3",1,3.33,3.1,"XBB.2"
"1175",2023-07-25,"XBC.1.6.3",1,3.33,3.1,"XBC.1"
"1176",2023-07-27,"EG.1",1,3.33,3.1,"EG.1"
"1177",2023-07-27,"EG.5",1,3.33,3.1,"EG.5"
"1178",2023-07-27,"EG.5.1",1,3.33,4.11,"EG.5"
"1179",2023-07-27,"FD.1.1",1,3.33,3.1,"FD.1"
"1180",2023-07-27,"FE.1.1",1,3.33,3.1,"FE.1"
"1181",2023-07-27,"FK.1.1",1,3.33,3.1,"FK.1"
"1182",2023-07-27,"FL.1",1,3.33,4.11,"FL.1"
"1183",2023-07-27,"FL.2",1,3.33,3.1,"FL.2"
"1184",2023-07-27,"FU.1",1,3.33,3.1,"FU.1"
"1185",2023-07-27,"FU.2",1,3.33,3.1,"FU.2"
"1186",2023-07-27,"FY.1",1,3.33,3.1,"FY.1"
"1187",2023-07-27,"FY.3",1,3.33,3.1,"FY.3"
"1188",2023-07-27,"XBB.1.16",1,3.33,4.08,"XBB.1"
"1189",2023-07-27,"XBB.1.16.1",1,3.33,3.1,"XBB.1"
"1190",2023-07-27,"XBB.1.16.2",1,3.33,3.1,"XBB.1"
"1191",2023-07-27,"XBB.1.16.6",1,3.33,6.04,"XBB.1"
"1192",2023-07-27,"XBB.1.22.1",1,3.33,4.11,"XBB.1"
"1193",2023-07-27,"XBB.1.5",1,3.33,3.1,"XBB.1"
"1194",2023-07-27,"XBB.1.5.18",1,3.33,3.1,"XBB.1"
"1195",2023-07-27,"XBB.1.5.28",1,3.33,3.1,"XBB.1"
"1196",2023-07-27,"XBB.1.5.39",1,3.33,3.1,"XBB.1"
"1197",2023-07-27,"XBB.1.5.4",1,3.33,3.1,"XBB.1"
"1198",2023-07-27,"XBB.1.5.41",1,3.33,3.1,"XBB.1"
"1199",2023-07-27,"XBB.1.5.48",1,3.33,3.1,"XBB.1"
"1200",2023-07-27,"XBB.1.5.59",1,3.33,3.1,"XBB.1"
"1201",2023-07-27,"XBB.1.5.68",1,3.33,3.1,"XBB.1"
"1202",2023-07-27,"XBB.2.3",1,3.33,3.1,"XBB.2"
"1203",2023-07-27,"XBB.2.3.11",1,3.33,3.1,"XBB.2"
"1204",2023-07-27,"XBB.2.3.3",1,3.33,3.1,"XBB.2"
"1205",2023-07-27,"XBC.1.6.3",1,3.33,3.1,"XBC.1"
"1206",2023-08-02,"EG.1.4",1,3.33,3.58,"EG.1"
"1207",2023-08-02,"EG.5.1",1,3.33,8.52,"EG.5"
"1208",2023-08-02,"FE.1.1",1,3.33,3.58,"FE.1"
"1209",2023-08-02,"FU.1",1,3.33,3.58,"FU.1"
"1210",2023-08-02,"FU.2",1,3.33,3.58,"FU.2"
"1211",2023-08-02,"FY.1",1,3.33,3.58,"FY.1"
"1212",2023-08-02,"FY.3",1,3.33,3.58,"FY.3"
"1213",2023-08-02,"GE.1",1,3.33,3.58,"GE.1"
"1214",2023-08-02,"Unassigned",1,3.33,3.58,"Unas"
"1215",2023-08-02,"XBB.1.16",1,3.33,4.81,"XBB.1"
"1216",2023-08-02,"XBB.1.5.28",1,3.33,3.58,"XBB.1"
"1217",2023-08-02,"XBB.1.5.37",1,3.33,3.58,"XBB.1"
"1218",2023-08-02,"XBB.1.5.39",1,3.33,3.58,"XBB.1"
"1219",2023-08-02,"XBB.1.5.44",1,3.33,3.58,"XBB.1"
"1220",2023-08-02,"XBB.1.5.55",1,3.33,3.58,"XBB.1"
"1221",2023-08-02,"XBB.1.5.59",1,3.33,3.58,"XBB.1"
"1222",2023-08-02,"XBB.2.3",1,3.33,3.58,"XBB.2"
"1223",2023-08-02,"XBB.2.3.11",1,3.33,3.58,"XBB.2"
"1224",2023-08-02,"XBB.2.3.3",1,3.33,4.81,"XBB.2"
"1225",2023-07-30,"EG.1",1,3.23,NA,"EG.1"
"1226",2023-07-30,"EG.5",1,3.23,5.06,"EG.5"
"1227",2023-07-30,"EG.5.1",1,3.23,4.5,"EG.5"
"1228",2023-07-30,"FD.1.1",1,3.23,NA,"FD.1"
"1229",2023-07-30,"FE.1.1",1,3.23,3.26,"FE.1"
"1230",2023-07-30,"FK.1.1",1,3.23,NA,"FK.1"
"1231",2023-07-30,"FL.1",1,3.23,6.12,"FL.1"
"1232",2023-07-30,"FU.1",1,3.23,4.5,"FU.1"
"1233",2023-07-30,"FU.2",1,3.23,3.26,"FU.2"
"1234",2023-07-30,"FY.1",1,3.23,3.26,"FY.1"
"1235",2023-07-30,"FY.3",1,3.23,4.21,"FY.3"
"1236",2023-07-30,"XBB.1.16",1,3.23,3.26,"XBB.1"
"1237",2023-07-30,"XBB.1.16.1",1,3.23,NA,"XBB.1"
"1238",2023-07-30,"XBB.1.16.2",1,3.23,NA,"XBB.1"
"1239",2023-07-30,"XBB.1.16.6",1,3.23,3.26,"XBB.1"
"1240",2023-07-30,"XBB.1.22.1",1,3.23,3.55,"XBB.1"
"1241",2023-07-30,"XBB.1.5",1,3.23,4.21,"XBB.1"
"1242",2023-07-30,"XBB.1.5.18",1,3.23,NA,"XBB.1"
"1243",2023-07-30,"XBB.1.5.28",1,3.23,3.26,"XBB.1"
"1244",2023-07-30,"XBB.1.5.39",1,3.23,3.26,"XBB.1"
"1245",2023-07-30,"XBB.1.5.4",1,3.23,NA,"XBB.1"
"1246",2023-07-30,"XBB.1.5.41",1,3.23,3.55,"XBB.1"
"1247",2023-07-30,"XBB.1.5.48",1,3.23,NA,"XBB.1"
"1248",2023-07-30,"XBB.1.5.59",1,3.23,3.26,"XBB.1"
"1249",2023-07-30,"XBB.1.5.68",1,3.23,3.55,"XBB.1"
"1250",2023-07-30,"XBB.2.3",1,3.23,3.26,"XBB.2"
"1251",2023-07-30,"XBB.2.3.11",1,3.23,3.26,"XBB.2"
"1252",2023-07-30,"XBB.2.3.3",1,3.23,4.5,"XBB.2"
"1253",2023-07-30,"XBC.1.6.3",1,3.23,NA,"XBC.1"
"1254",2023-08-04,"EG.1.4",1,3.23,3.7,"EG.1"
"1255",2023-08-04,"FE.1.1",1,3.23,3.7,"FE.1"
"1256",2023-08-04,"FL.2",1,3.23,3.7,"FL.2"
"1257",2023-08-04,"FU.1",1,3.23,3.7,"FU.1"
"1258",2023-08-04,"FU.2",1,3.23,3.7,"FU.2"
"1259",2023-08-04,"FY.1",1,3.23,3.7,"FY.1"
"1260",2023-08-04,"GE.1",1,3.23,3.7,"GE.1"
"1261",2023-08-04,"Unassigned",1,3.23,3.7,"Unas"
"1262",2023-08-04,"XBB.1.16",1,3.23,3.7,"XBB.1"
"1263",2023-08-04,"XBB.1.16.6",1,3.23,3.7,"XBB.1"
"1264",2023-08-04,"XBB.1.5.28",1,3.23,3.7,"XBB.1"
"1265",2023-08-04,"XBB.1.5.37",1,3.23,3.7,"XBB.1"
"1266",2023-08-04,"XBB.1.5.39",1,3.23,3.7,"XBB.1"
"1267",2023-08-04,"XBB.1.5.44",1,3.23,3.7,"XBB.1"
"1268",2023-08-04,"XBB.1.5.55",1,3.23,3.7,"XBB.1"
"1269",2023-08-04,"XBB.1.5.59",1,3.23,3.7,"XBB.1"
"1270",2023-08-04,"XBB.1.9.1",1,3.23,3.7,"XBB.1"
"1271",2023-08-04,"XBB.2.3",1,3.23,3.7,"XBB.2"
"1272",2023-08-04,"XBB.2.3.11",1,3.23,3.7,"XBB.2"
"1273",2023-08-04,"XBB.2.3.3",1,3.23,4.94,"XBB.2"
"1274",2023-07-26,"EG.1",1,3.03,3.23,"EG.1"
"1275",2023-07-26,"EG.5",1,3.03,3.23,"EG.5"
"1276",2023-07-26,"FD.1.1",1,3.03,3.23,"FD.1"
"1277",2023-07-26,"FE.1.1",1,3.03,3.23,"FE.1"
"1278",2023-07-26,"FK.1.1",1,3.03,3.23,"FK.1"
"1279",2023-07-26,"FL.2",1,3.03,3.23,"FL.2"
"1280",2023-07-26,"FU.1",1,3.03,3.23,"FU.1"
"1281",2023-07-26,"FU.2",1,3.03,3.23,"FU.2"
"1282",2023-07-26,"FY.1",1,3.03,3.23,"FY.1"
"1283",2023-07-26,"FY.3",1,3.03,3.23,"FY.3"
"1284",2023-07-26,"XBB.1.16",1,3.03,3.23,"XBB.1"
"1285",2023-07-26,"XBB.1.16.1",1,3.03,3.23,"XBB.1"
"1286",2023-07-26,"XBB.1.16.2",1,3.03,3.23,"XBB.1"
"1287",2023-07-26,"XBB.1.16.6",1,3.03,3.23,"XBB.1"
"1288",2023-07-26,"XBB.1.5",1,3.03,3.23,"XBB.1"
"1289",2023-07-26,"XBB.1.5.18",1,3.03,3.23,"XBB.1"
"1290",2023-07-26,"XBB.1.5.28",1,3.03,3.23,"XBB.1"
"1291",2023-07-26,"XBB.1.5.39",1,3.03,3.23,"XBB.1"
"1292",2023-07-26,"XBB.1.5.4",1,3.03,3.23,"XBB.1"
"1293",2023-07-26,"XBB.1.5.41",1,3.03,3.23,"XBB.1"
"1294",2023-07-26,"XBB.1.5.48",1,3.03,3.23,"XBB.1"
"1295",2023-07-26,"XBB.1.5.59",1,3.03,3.23,"XBB.1"
"1296",2023-07-26,"XBB.1.5.68",1,3.03,3.23,"XBB.1"
"1297",2023-07-26,"XBB.2.3",1,3.03,3.23,"XBB.2"
"1298",2023-07-26,"XBB.2.3.11",1,3.03,3.23,"XBB.2"
"1299",2023-07-26,"XBB.2.3.3",1,3.03,3.23,"XBB.2"
"1300",2023-07-26,"XBC.1.6.3",1,3.03,3.23,"XBC.1"
"1301",2023-07-24,"EG.1",1,2.94,3.94,"EG.1"
"1302",2023-07-24,"EG.5",1,2.94,4.65,"EG.5"
"1303",2023-07-24,"EG.5.1",1,2.94,3.94,"EG.5"
"1304",2023-07-24,"FD.1.1",1,2.94,NA,"FD.1"
"1305",2023-07-24,"FK.1.1",1,2.94,3.94,"FK.1"
"1306",2023-07-24,"FL.2",1,2.94,3.94,"FL.2"
"1307",2023-07-24,"FU.1",1,2.94,3.94,"FU.1"
"1308",2023-07-24,"FU.2",1,2.94,4.17,"FU.2"
"1309",2023-07-24,"FY.1",1,2.94,NA,"FY.1"
"1310",2023-07-24,"FY.3",1,2.94,4.65,"FY.3"
"1311",2023-07-24,"XBB.1.16.1",1,2.94,3.94,"XBB.1"
"1312",2023-07-24,"XBB.1.16.2",1,2.94,3.42,"XBB.1"
"1313",2023-07-24,"XBB.1.16.6",1,2.94,3.94,"XBB.1"
"1314",2023-07-24,"XBB.1.22.1",1,2.94,4.05,"XBB.1"
"1315",2023-07-24,"XBB.1.5",1,2.94,3.94,"XBB.1"
"1316",2023-07-24,"XBB.1.5.18",1,2.94,NA,"XBB.1"
"1317",2023-07-24,"XBB.1.5.28",1,2.94,3.42,"XBB.1"
"1318",2023-07-24,"XBB.1.5.39",1,2.94,NA,"XBB.1"
"1319",2023-07-24,"XBB.1.5.4",1,2.94,NA,"XBB.1"
"1320",2023-07-24,"XBB.1.5.41",1,2.94,NA,"XBB.1"
"1321",2023-07-24,"XBB.1.5.48",1,2.94,3.94,"XBB.1"
"1322",2023-07-24,"XBB.1.5.59",1,2.94,3.94,"XBB.1"
"1323",2023-07-24,"XBB.1.5.68",1,2.94,NA,"XBB.1"
"1324",2023-07-24,"XBB.2.3",1,2.94,3.94,"XBB.2"
"1325",2023-07-24,"XBB.2.3.11",1,2.94,NA,"XBB.2"
"1326",2023-07-24,"XBB.2.3.3",1,2.94,3.94,"XBB.2"
"1327",2023-07-24,"XBC.1.6.3",1,2.94,NA,"XBC.1"
"1328",2023-07-28,"EG.1",1,2.94,3.04,"EG.1"
"1329",2023-07-28,"EG.5",1,2.94,3.04,"EG.5"
"1330",2023-07-28,"EG.5.1",1,2.94,3.04,"EG.5"
"1331",2023-07-28,"FD.1.1",1,2.94,3.04,"FD.1"
"1332",2023-07-28,"FE.1.1",1,2.94,3.04,"FE.1"
"1333",2023-07-28,"FK.1.1",1,2.94,3.04,"FK.1"
"1334",2023-07-28,"FL.1",1,2.94,5.9,"FL.1"
"1335",2023-07-28,"FL.2",1,2.94,3.04,"FL.2"
"1336",2023-07-28,"FU.1",1,2.94,3.04,"FU.1"
"1337",2023-07-28,"FU.2",1,2.94,3.04,"FU.2"
"1338",2023-07-28,"FY.1",1,2.94,3.04,"FY.1"
"1339",2023-07-28,"FY.3",1,2.94,3.99,"FY.3"
"1340",2023-07-28,"XBB.1.16.1",1,2.94,3.04,"XBB.1"
"1341",2023-07-28,"XBB.1.16.2",1,2.94,3.04,"XBB.1"
"1342",2023-07-28,"XBB.1.22.1",1,2.94,3.04,"XBB.1"
"1343",2023-07-28,"XBB.1.5",1,2.94,3.99,"XBB.1"
"1344",2023-07-28,"XBB.1.5.18",1,2.94,3.04,"XBB.1"
"1345",2023-07-28,"XBB.1.5.28",1,2.94,3.04,"XBB.1"
"1346",2023-07-28,"XBB.1.5.39",1,2.94,3.04,"XBB.1"
"1347",2023-07-28,"XBB.1.5.4",1,2.94,3.04,"XBB.1"
"1348",2023-07-28,"XBB.1.5.41",1,2.94,3.04,"XBB.1"
"1349",2023-07-28,"XBB.1.5.48",1,2.94,3.04,"XBB.1"
"1350",2023-07-28,"XBB.1.5.59",1,2.94,3.04,"XBB.1"
"1351",2023-07-28,"XBB.1.5.68",1,2.94,3.04,"XBB.1"
"1352",2023-07-28,"XBB.2.3",1,2.94,3.04,"XBB.2"
"1353",2023-07-28,"XBB.2.3.11",1,2.94,3.04,"XBB.2"
"1354",2023-07-28,"XBB.2.3.3",1,2.94,3.04,"XBB.2"
"1355",2023-07-28,"XBC.1.6.3",1,2.94,3.04,"XBC.1"
"1356",2023-07-29,"EG.1",1,2.86,3.01,"EG.1"
"1357",2023-07-29,"EG.5",1,2.86,3.01,"EG.5"
"1358",2023-07-29,"EG.5.1",1,2.86,3.01,"EG.5"
"1359",2023-07-29,"FD.1.1",1,2.86,3.01,"FD.1"
"1360",2023-07-29,"FE.1.1",1,2.86,3.01,"FE.1"
"1361",2023-07-29,"FK.1.1",1,2.86,3.01,"FK.1"
"1362",2023-07-29,"FL.2",1,2.86,4.08,"FL.2"
"1363",2023-07-29,"FU.1",1,2.86,3.01,"FU.1"
"1364",2023-07-29,"FU.2",1,2.86,3.01,"FU.2"
"1365",2023-07-29,"FY.1",1,2.86,3.01,"FY.1"
"1366",2023-07-29,"XBB.1.16",1,2.86,3.99,"XBB.1"
"1367",2023-07-29,"XBB.1.16.1",1,2.86,3.01,"XBB.1"
"1368",2023-07-29,"XBB.1.16.2",1,2.86,3.01,"XBB.1"
"1369",2023-07-29,"XBB.1.16.6",1,2.86,5.95,"XBB.1"
"1370",2023-07-29,"XBB.1.22.1",1,2.86,3.01,"XBB.1"
"1371",2023-07-29,"XBB.1.5.18",1,2.86,3.01,"XBB.1"
"1372",2023-07-29,"XBB.1.5.28",1,2.86,3.01,"XBB.1"
"1373",2023-07-29,"XBB.1.5.39",1,2.86,3.01,"XBB.1"
"1374",2023-07-29,"XBB.1.5.4",1,2.86,3.01,"XBB.1"
"1375",2023-07-29,"XBB.1.5.41",1,2.86,3.01,"XBB.1"
"1376",2023-07-29,"XBB.1.5.48",1,2.86,3.01,"XBB.1"
"1377",2023-07-29,"XBB.1.5.59",1,2.86,3.01,"XBB.1"
"1378",2023-07-29,"XBB.1.5.68",1,2.86,3.01,"XBB.1"
"1379",2023-07-29,"XBB.2.3",1,2.86,3.01,"XBB.2"
"1380",2023-07-29,"XBB.2.3.11",1,2.86,3.01,"XBB.2"
"1381",2023-07-29,"XBB.2.3.3",1,2.86,3.01,"XBB.2"
"1382",2023-07-29,"XBC.1.6.3",1,2.86,3.01,"XBC.1"
